link,name,time,空间评分,空间,驾驶感受评分,驾驶感受,续航评分,续航,外观评分,外观,内饰评分,内饰,性价比评分,性价比,智能化评分,智能化,其他评分,其他
https://k.autohome.com.cn/detail/view_01hmk1h0rv6ms3gc9j68tg0000.html#pvareaid=2112108,青春不如r  ,,,,,,,,,,,,,,,,,
https://k.autohome.com.cn/detail/view_01hpp3rb1a6ms3jd9j6rsg0000.html#pvareaid=2112108,小狮子3449,2024-02-15,5,2999的轴距空间，非常大，后排坐三个人都空间很大，完全不用担心空间,5,,5,,5,,5,,5,,5,,,
https://k.autohome.com.cn/detail/view_01hp4bechw6ms3jd1h60rg0000.html#pvareaid=2112108,宁波车友5246670,2024-02-08,4,用的吉利浩瀚架构，内部空间比之前接触的极星2倒是宽敞了不少；但说老实话2999轴距，后排翘不起二郎腿；好在第二排椅背有电动调节，坐坐还舒服的。,4,驾驶感受保留了欧洲车的味道，不是电车那种一味直线傻快，过弯丝滑，过减速带悬架很有韧性，另外22寸轮子跑100码胎噪还可接受，刹车脚感略微偏硬了些；激烈驾驶话，座椅包裹性马马虎虎。,3,双电机感觉能耗不低，表显基本在26-30度这样，满电跑了5.5折左右，后续再观察观察。,4,极星4汽车,4,运用了很多环保材料，新车无异味；内饰设计风格简洁大气，氛围灯营造效果不错。,4,高性能suv纯电车，颜值在线，有着扎实的底盘调教，内饰风格简洁，配置丰富，值得推荐！,3,经常只能触发自适应巡航，即使触发了PA领航辅助话，感觉白名单可识别物很少，好多次还要人为及时介入；内置行车记录仪像素超级低，360全景影像曝光太多；,,
https://k.autohome.com.cn/detail/view_01hp458rva6ms3jd1g6wt00000.html#pvareaid=2112108,十二月的奇迹g,2024-02-08,5,本姑娘身高170左右，坐车里依然觉得空间很宽松，非常宽敞。,5,主要还是极星4的底盘悬架调校好，还有什么减震器，反正不管是过弯还是爬坡都很稳，动力输出也很强。,5,续航能力还是好的，在这个级别里，算是比较常见的里程数。优点是冬天用车，感觉掉电也没有很厉害，续航很抗打哦。,5,好看的车，谁都喜欢啊，看着都觉得赏心悦目。,4,设计是很简洁，但配色什么的，确实看着不那么高档。,4,价格是有调整了，优惠折合下来这个价格，依然不算便宜。,5,大多数配置都有了，需要啥就用啥，巡航、导航之类的，反正够用，实用！,,
https://k.autohome.com.cn/detail/view_01hnyp8ved6ms3jcsh70v00000.html#pvareaid=2112108,杭州车友3411405,2024-02-06,4,极星4汽车,5,极星4汽车,5,续航：听销售说用的碳化硅逆变器 冬天5度两个人空调23度 然后全程120码的情况下 续航能到500km以上 如果真的话续航那还是挺扎实的,5,极星4汽车,4,极星4汽车,5,有现车的情况下 有个综合6W的现金优惠 好像还限时的 那单电机plus版本能29落地了 和极氪001价格差距也没那么大了,3,极星4汽车,,
https://k.autohome.com.cn/detail/view_01hn3095js6ms3gdhr74wg0000.html#pvareaid=2112108,万花痛l,2024-01-26,5,我一家五口人全部坐在车里还有不少空间剩余呢，2999mm的轴距还是很给力的，车内显得特别敞亮。前后排都不拥挤，尾箱也是非常的平整，很能装。,5,我以前也开了好多年的车，动力这么强的极星4，我还是第一次接触，百公里加速只要4秒左右就行了，有很强的爆发力，开起来确实很有趣。方向盘也顺手，真皮的摸着细腻，一点都不虚，开着很是轻松。,4,总的续航里程数相当可以的，只要没有太激烈驾驶的话，掉电不快，跑高速个人感觉掉电能快点，但是不耽误出行。,4,前脸的极简风格还是非常有个性的，整体车身造型极尽简约，低趴的风格确实很耐看，不过我感觉底盘有点低，怕跑路上碰到底盘。,5,浅色搭配我实在是太爱了，给人一种年轻有活力的感觉，氛围感特别好，座椅贴合也好，整个人被包裹着很有安全感，这车主打的就是一个享受。,4,价格比我的预算要稍高一点，个人觉得有点偏贵，但性能表现我觉得值了。,5,15.4英寸的中控大屏真不错啊，科技感直接就拉满了，既实用又有不错的娱乐性，开着这车出门，一点也不会感觉无聊。,,
https://k.autohome.com.cn/detail/view_01hn1q8xdv6ms3gdhj6wr00000.html#pvareaid=2112108,巴黎的风吹到o,2024-01-26,5,首先车内的视觉很通透敞亮，前排的视角障碍感，看的角度广。车门开启的角度够大，上下车也不会碰到腿，别看这车是低趴式的造型，但是头顶一点不会感觉压抑，车内的整体性很不错。,5,毕竟是L2级别辅助驾驶，驾驶操控相当智能，更关键的是，方向盘手感好，轻盈灵活精准性高，配合CDC电磁悬架，趣味性拉满，驾控很稳定。,5,平时正常驾驶，续航和电耗都比较稳定，估计等到磨合好了，电耗还有下降空间。只要没有坏的那种开车习惯，我感觉这车续航还是挺耐用的。,4,极星4在外观上进行了大胆的尝试，取消了后车窗设计，我媳妇觉得挺潮流的，但是我个人感觉一般吧。但是整体的造型不得不说，还是挺吸睛的。,4,家里小孩平时坐车总是不老实，喜欢在车里调皮，极星4是浅色内饰，年轻有活力，耐脏度差点，平时自己要多注意。好在比较好清理，用湿纸巾擦一下就行。,4,落地都40多个W了，有一点点超乎预算，但车子配置没得说，价格稍高也应该的，毕竟人家定位就是中高端车型。,5,搭载骁龙8155芯片确实够智能，车机反应速度特别快，真心好用。,,
https://k.autohome.com.cn/detail/view_01hmwvndt66ms3gd1n6mtg0000.html#pvareaid=2112108,狠乖懂我c,2024-01-24,5,刚提不久的新车，家人朋友都想来体验，每次出去玩都是满载，幸亏空间够大，就算车里面坐五个人，照样是那么宽敞。,5,动力比预期更强，百公里加速不到4秒，真夸张啊，还有L2级辅助驾驶，真的很爽，开着跑过一次高速，超车又快又稳，而且噪音不大。,4,更推荐自己在家充电吧，在外面用商业电还是有点贵的，我们这边外边一度电1.5-1.8元，不划算。说到车子耗电，现在我感觉还好，主要我们这边冬天也不算冷，对纯电车还是很友好的。,5,前脸封闭式设计更显稳重，搭配上北极星车标和两侧分体式大灯，给人一种深邃感，颜值真不赖。,4,浅色内饰更显年轻活力，不过颜色上没有更多的选择，就是一些灰色、黑色这种，如果颜色能多点丰富点选择就好了。,5,个人认为这款极星4绝对是物有所值了，我是第一眼就看中它了，高颜值，舒适驾驶，配置性能强等等，就算有一些毛病都微不足道了。,5,特别喜欢极星4的中控大屏，这个尺寸看着才带劲嘛，科技感拉满了，L2的辅助驾驶控制也高级，开车不累。,,
https://k.autohome.com.cn/detail/view_01hmwajp2a6ms3gd1k6cvg0000.html#pvareaid=2112108,一抹夏伤g,2024-01-24,5,自己坐在车里体验一遍就知道了，比想象中更宽敞一些，横向纵向都很宽松，而且后排放倒之后，后备箱特别能装，拉大物件一点没问题。,5,这辆极星4不仅仅是直线快，弯道性能同样出色，有50：50轴荷比设计，有效地防止车子侧倾，过弯就是简单，一上手就感觉出来这车不一般了。,4,最近这几天一直都在外面跑，跑了都有四五百公里了，电耗不是特别高，但是试了下充电，个人感觉充电速度不是很快。,4,造型设计确实很有特点，辨识度很高，整个车身就像是艺术品一样，但是车漆感觉不是很厚实，而且我感觉这个21寸的轮毂尺寸也有点小，侧面看比例差一点意思。,4,视觉效果高级，材质用料环保上档次，做工细腻，只是我个人感觉座椅有点太软了，欠缺一点支撑，但是贴合度跟透气性都挺好的。,5,极星4兼顾了智能和娱乐性，既有驾驶趣味，很多配置功能都蛮实用的，性价比还不错吧，反正我个人是挺满意这车的表现的。,5,15.4英寸的中控大屏，支持的APP功能也特别全面，可操作性特别强。车机系统功能多还流畅，而且第二排座椅竟然还带加热，冬天车内坐着更舒服。,,
https://k.autohome.com.cn/detail/view_01hmkcqvqg6ms3gc9k6rsg0000.html#pvareaid=2112108,似眠z,2024-01-20,5,最不用担心的就是空间，从车身尺寸看，妥妥的中大型跨界SUV，从外面就感觉车身长，一进入车内更是明白中大型的意思了，五个成年人很轻松。,5,平时开车主打一个轻松自在，动力强劲平顺，方向盘转向灵活，结合高强抗扭车身设计，既稳定又安全。,5,还以为到了冬季，续航会不太行吧，实际续航表现比想象中厉害，表显很精准，家用出行完全可以，甚至可以来个小长途自驾游，哪怕开着空调都没事儿，感觉掉电不快。,4,颜值这个东西主要看自己的喜好，极星4取消后窗的设计十分大胆，看着确实挺新颖的，不过平时开车看还是不太习惯，得慢慢适应。,4,氛围感主打一个轻奢感，但是个人觉得座椅有一点偏硬，媳妇倒是说还行，主要还是看自己的感受吧。,5,这车子各方面性能都挺好，价格也没有特别高吧，还是在预算之内的，况且功能也多也好用，电耗不高，我是感觉挺划算的。,5,这音响听歌实在太舒服的，环绕音质就是不一样，对于听歌发烧友来说，算是一个福音。另外车子很多功能都能语音直接控制，还可以人脸识别，很厉害。,,
https://k.autohome.com.cn/detail/view_01hgnab4f16ms36chj68r00000.html#pvareaid=2112108,单身求解放m,2023-12-02,5,用一个词总结就是通透，车子轴距非常给力，车里面就更宽敞了，最主要的是前后排设计合理，不管坐哪里都很舒服。,5,弯道性能非常强，高速过弯依旧很稳，照样可以按照预定轨道行驶，一般的车子和它完全没法比。,4,续航电耗什么都还行，主要是充电太慢，等得比较着急，很烦。,5,轿跑式设计，低趴车头，无框车门，隐藏门把手，时尚要素太多了。,4,用料不错，但是缺少豪华感，反正风格呢比较简单，总体不错。,5,这车子优点还是很突出的，驾控方面堪称完美，这个价格呢也还好。,5,高科技芯片，L2级辅助驾驶，还有内置行车记录仪，超灵敏的语音操控等等，都很好用。,,
https://k.autohome.com.cn/detail/view_01hgn7drse6ms36chh74t00000.html#pvareaid=2112108,迅速赶到渡,2023-12-02,4,在车身尺寸上，有比较大的优势，坐到车里也是感觉很自由，就是储物能力有待提高，储物格要是多一点就好了。,5,200千瓦的输出功率，加速表现十分优秀，直线加速特别猛，而且车子还采用50：50轴荷比，车身承重更加均衡，稳定性更为出色，在转向过弯的时候，有着更好的掌控力。,5,这方面我一点不担心，平时都是在周边开开，也不出远门，这个续航没啥担心的，平时充电方便，我自己装了一个充电桩，电费不高。,5,颜值很顶啊，看过一遍就印象很深刻了，很高级，车身线条犀利，有运动风，轿跑风格妥妥拉满，很赞。,4,车内看着高级，大屏幕滑动流畅不卡，不过感觉座椅柔软度差点意思，倒是挺有支撑力的。,4,价格有一点虚高了，但车子本身就比较优秀，所以价格勉强接受吧。,5,这个价格在配置就十分齐全了，各种硬件应有尽有啊，光摄像头就12个，各种驾驶功能也是都很齐全，自动泊车好用，找准车位自己就停进去了，自己一点不用费心，也不担心自己的技术了。,,
https://k.autohome.com.cn/detail/view_01hgj9thcf6ms36c9n6mvg0000.html#pvareaid=2112108,花好月亮翟,2023-12-01,4,感觉头部空间比较一般吧，这种低趴式的跑车造型，车顶是有点矮的。,5,现在宝马的车子就主打一个50：50轴荷比，而这款极星4也毫不逊色，稳定性超棒，过弯更加简单，自从开了这辆车，在驾驶上也越来越享受了。,5,既然都买了这车子，对电耗方面其实也没那么关注了，目前购车时间短，根本看不出什么。,4,初次见面有一种一见钟情的感觉，但后面一直看反而就觉得魅力不足，风格不够大气。,5,内饰配置多，用料也讲究，环保低碳，舒适性好。,5,平时我和媳妇都挺喜欢这车子，还从来没有觉得后悔，这种驾驶趣味性是很多车子都没有的。,5,辅助驾驶配置超级实用，难怪驾驶体验这么爽，每次开车外出心情都特别好。,,
https://k.autohome.com.cn/detail/view_01hgfp1bwr6ms36c1q68v00000.html#pvareaid=2112108,往往事情e,2023-11-30,5,车内空间十分充足，主要是前后排空间分配不错，坐前面或者坐后面都是很舒服的。,5,有高强抗扭设计和CDC电磁悬架，确实给驾驶增加了几分趣味性，又有舒适的操控体验，又能保证安全性，想怎么开就怎么开，完全没有后顾之忧。,4,车子续航里程其实比较真实，但是呢电耗确实不低，也可能是刚购车不久的缘故。,4,外观造型就像是跑车一样，真的非常漂亮，我第一眼就特别心动，但是呢车尾设计感觉不够好，和车头前脸部分有些差距。,5,第一次看到这个内饰的时候，就感觉特别豪华，主要是做工好，用料环保，档次不一般。,4,购车优惠不太行，车子落地还是贵了点，不过无所谓，我还是很喜欢。,5,L2级辅助驾驶，高智能芯片，大尺寸中控屏和仪表盘，科技感十足。,,
https://k.autohome.com.cn/detail/view_01hgfma9ry6ms36c1p74s00000.html#pvareaid=2112108,安利科技的,2023-11-30,4,我对车子空间的要求会比较高，这款极星4的空间确实够用了，但是呢算不上特别宽敞。,5,车子驾驶上的乐趣主要在于弯道行驶又快又稳，一般不会偏离预定的行驶轨道，也基本不会出现侧倾太大的情况。,4,现在天气还算暖和，续航还可以，但估计到了天冷的时候，续航折损就比较大了。,5,不得不说车子颜值确实可以，时尚前卫，质感突出，个性拉满。,4,材质用料不错，无异响无异味，但是呢比较容易脏。,5,就说这车，要啥有啥，各方面都让我挺满意的，驾驶安全，颜值又高，还环保，在我心里对它很满意。,5,买车之前就看了下配置，真的惊讶到了，该有的都有，一坐进车里，就能感受到一股豪华和科技感。,,
https://k.autohome.com.cn/detail/view_01hpesf4c96ms3jd1q68v00000.html#pvareaid=2112108,别亦,2024-02-12,5,喜欢我这款车的空间，不仅仅前排宽敞，而且车子的后排也是很宽敞的，包括它的这个后备箱也很能装。,5,在驾驶方面，它给我留下了非常深刻的印象，它的悬挂系统非常出色，行驶过程中能够保持较好的稳定性，给我一种安全感。此外，它的操控性能也非常出色，转向灵活准确，使我能够更好地掌控整个车辆。,4,有一说一，我这款车的电耗还是蛮高的，算下来都要19个多，不过充电倒是很方便。,5,它的外观设计也是我购买它的一大原因，它的外观简约而不简单，线条流畅，给我一种时尚的感觉，前脸采用了简洁的设计，配合镀铬装饰，显得非常大气，整车的比例非常协调，无论从哪个角度看都非常好看。,5,进入它的内饰，我马上感受到了它的豪华和舒适，车厢内氛围非常温馨，在细节方面做工精细，充满了豪华感，座椅采用高级材质制成，坐着非常舒适，长途驾驶时也不会感到疲劳。,5,对于它的性价比，我给予了非常高的评价，尽管它的售价较高，但它提供的配置和体验绝对物超所值，它拥有豪华SUV的舒适性和高科技配置，综合来看，我认为它的性价比非常出众。,5,最后，我必须提到它的配置，它配备了一系列先进的驾驶辅助系统，如自动驻车和全速自适应巡航等，提升了驾驶的安全性和便捷性，它还配备了全景天窗和哈曼卡顿音响，提供了更好的驾乘体验。,,
https://k.autohome.com.cn/detail/view_01hn2v1ry76ms3gdhr6gsg0000.html#pvareaid=2112108,Martin曹,2024-01-26,5,空间出乎意料的宽敞，孩子和老人很满意，前后排都很自在，毕竟宽度在这,5,极星4的招牌啊，赛道级驾控感觉，给就有，高速过弯和麋鹿很精准,4,北京零下的冬天，加上比较激进的驾驶风格，目前续航还比较满意，而且家里安了电桩，基本没啥焦虑,5,极其抓人眼球，回头率不能说100％也有80％，同事朋友看了都说好,5,作为沃尔沃老车主，内饰一如既往的满意，就喜欢这种简约,5,作为45w时就盲定的车主，感觉目前价格感觉很能打啊，物有所值谁开谁知道,5,智能化足够用，买这个车本就不是冲着冰箱沙发大彩电以及全自动驾驶去的，就是要享受驾驶的乐趣啊，而且作为沃尔沃系，安全配置也不虚。,,
https://k.autohome.com.cn/detail/view_01hmxqdqkh6ms3gd9g70wg0000.html#pvareaid=2112108,狗尾巴也是花j,2024-01-24,5,我这高个子坐车里竟然一点压力都没有，双腿伸展也非常舒服，前后间距宽，头部和腿部空间都充足，后排也是距离前排很宽，上下车方便，一点没有阻碍。,4,这是我第一次体验这种动力这么强悍的车子，刚开始不太习惯哈哈哈，熟悉之后驾驶起来就太爽了。方向盘不重，车子开着起步反应快，制动有明显的拖拽感，车身硬度足，很安全。现在目前还在适应，毕竟车身比较大。,5,车子续航表现和我预期的差不多吧，日常家用妥妥的，充电一点不频繁。官方续航682公里，我一般电量低于50%就会充电，这样出行的时候心里不慌。,4,整个车身看起来太干净了，没有一丁点多余的设计，主打一个极简风，太喜欢了，尤其是低趴的这种风格，看着很稳当，不过感觉21寸的轮毂在这个车身上看着也不算很大。,5,浅色设计，精致做工，高品质用料，极星4内饰挺豪华的。,4,价格上稍微超出了一点预算，不过也是能接受的，尤其现在车子到手后，感觉钱没白花。,5,车机系统操作格外的流畅，再结合车内超棒的氛围感，驾驶乐趣充足。,,
https://k.autohome.com.cn/detail/view_01hpbec59n6ms3jd1n64v00000.html#pvareaid=2112108,小悦悦妈妈,2024-02-11,4,无后挡风玻璃设计，后方横梁往后推了。后排头部空间非常好，而且腿部的坐垫长度刚好合适，后排可以电动调节角度。,5,加速电车就不用说了。刹车的反馈的话很像油车，不会像特斯拉一样顿挫，弯道非常好，轮胎不会打滑。,4,单电机高速可以超过400公里。低速有500公里，这样吧，没有实际测低速。,5,瑞典金的颜色一眼就吸引了我没有犹豫，直接定了这个颜色，而且还专门加了5000块钱。金属漆的。,4,虽然没有特别出彩的一个设计，还有特别奢华的用料，但是官方说是环保材料，气味确实比较小。,3,价格其实是满意的，能有6万的优惠。但其实总体会比一些普通品牌要贵上一点，不过也愿意为他的一个品质买单。,4,魅族车机逻辑，还有无线投屏功能非常不错。目前仪表台偶尔会有bug。,,
https://k.autohome.com.cn/detail/view_01hkvvwtja6ms3ecsk74s00000.html#pvareaid=2112108,农民比啥都好,2024-01-11,5,这几天一直载着家人朋友到处逛，主要还是为了磨合和练车，而且提车之前，朋友就一直唠叨，说提了车一定要让他试一试，所以最近经常和朋友开车到处跑，还让他试驾了一下，朋友对空间的评价非常高，从外面看着车子好像有点矮，但是车里就一点都不矮了，毕竟底盘偏低，空间还是相当充足的。,5,极星4的驾驶我只能说无敌了，这才是真正的享受开车，不得不说这个CDC电磁悬架确实有东西啊，电磁传感灵敏，方向盘实时反馈路面状况，驾驶乐趣丰富，还有那个和宝马一样的50：50轴荷比，提升车身稳定，过弯更快速。,5,现在来说续航感觉没有参考价值啊，主要是这买车才几天时间，磨合得不够，根本说明不了什么东西，等到慢慢磨合好了，电耗自然会更低。,5,我从来都没质疑过极星4的颜值，和朋友谈这辆车的话，也是一直在夸，没办法咱作为外观党，看车的首要条件就是颜值必须高，这低趴式车头设计，精致的做工，可谓是设计到我的心坎上去了，这拉风的设计，越看越完美。,4,一句话形容就是高端大气上档次，越看越有范儿，这豪华科技感拉满的氛围，就是我一直梦寐以求的，氛围灯太漂亮了，就是座椅有点太软，支撑不够。,4,好车确实是好车，但价格不便宜，本来我也准备观望的，但实在是喜欢，没办法直接订车了，现在也不后悔。,5,内置行车记录仪，还有360度全景影像，自动驾驶，远程操控等等，不仅仅是有，而且都特好用，都是一种高端智能配置。,,
https://k.autohome.com.cn/detail/view_01hkv6z7y16ms3echs6gr00000.html#pvareaid=2112108,aj8z9xns2j5,2024-01-11,5,极星4的空间真的特别优秀，我相信不少车友都绝对小瞧了它的空间表现，单纯从尺寸数据和车外的视觉方面是感受不出来的，只有亲身坐在车里体验一遍之后，才能明白空间是多么敞亮，更重要的是，车内空间分配极为合理，大多数储物格容量也较深，实用性杠杠的。,5,这些年咱开过这么多车，各种价位、各种类型的车子基本试驾过，而极星4的驾驶手感在这些车中绝对是数一数二的，不管是动力表现、方向盘手感，还是各种辅助驾驶配置，都近乎完美，我一般还是在市区跑得多，主要是代步使用，不过即便有其它方面的需求，比如长途需求、商务需求等等，我觉得极星4也是够用的。,4,现在冬季续航表现肯定没有其他季节那么给力，气温低对电池多少会存在一些影响，在电量不多的时候，表显续航偶尔不够准确，有时候下降得比较快，不是很稳定，这个跟气温还是有一些关系的。,4,极简风的车身造型确实让人眼前一亮，但是直接取消后车窗的设计，实在是有些大胆了，很多车友估计都不会特别习惯吧，我自己就是这样，总是觉得怪怪的。,4,车内座椅采用的都是大面积的高性能织物用料，柔软舒适，透气性好，包裹性强，但是呢缺少一定的支撑，久坐会有些不适。,5,买车子无须想得太多，在自己力所能及的情况下，选择自己喜欢的就行，这辆极星4就是我看了这么多款车中，最喜欢的那一款，综合实力嘎嘎强，买就完事了。,5,L2级别辅助驾驶，高通骁龙8155芯片确实厉害，车机操控主打一个流畅，这才是真正的智能驾驶体验。,,
https://k.autohome.com.cn/detail/view_01hpxp84nw6ms3jdhk6mt00000.html#pvareaid=2112108,采极星的小姑娘,2024-02-18,5,内部空间属于中型SUV的尺寸，近三米的轴距赶得上一些五米车长的大型车了，坐在后排起码还有两拳多的空间，家用绝对是没问题,5,,4,,5,极星4的外观一眼不是很吸睛，但是属于越看越好看的类型，北欧简约不简单的设计在现在千篇一律的新能源车里还是特别出众的。,5,,5,了解下来，目前车型的优惠在6万左右，还有很多专属售后权益，道路救援和车机流量应该是目前新能源车的标配了。三年免费保养，前三年基本除了充电无费用,4,魅族的系统还是比较新奇的，目前可以用魅族手机投屏到车机上，手机里的APP都可以在车机上使用，如果后续支持很多机型就更好了,,
https://k.autohome.com.cn/detail/view_01hp1esgmf6ms3jcsq60sg0000.html#pvareaid=2112108,赖琪琼,2024-02-07,4,就看这后备箱就可以知道，这车空间嘎嘎大，后排空间也很给力，平时后排坐小孩多，老人也会乘坐，这空间，妥妥可以舒展开来。,4,代步性能的卡钳，只要这一露出来，性能车无疑了。刹车距离，刹车灵敏度，脚感都很好。方向盘很精准，转多少，给多少角度，不会出现虚位现象。,4,宁波最近基本是阴雨天气，气温低，路面湿滑，上车方向盘加热，座椅加热，空调全开，上班来回30km，上班停地面，下班停地库，续航目前打8折。整体满意。,4,这款车颜值可以用刚柔并济来形容，又美又飒，简直是机车界倪妮，第一次看到觉得让人安全感满满，内饰风格沉稳极简，又像一个绅士。,4,我是极简主义，所以不喜欢花哨的内饰，喜欢简约简单的配色和风格。所以这种北欧简约风真的很爱。,4,这样的价格，这样的配置，还要啥自行车，同价位中的天花板了吧，还有别的更好的选择吗？好像很难找出来了。,4,适合女士的流媒体后视镜，人机交互很灵敏，有时候说话含糊，小朋友讲话不清楚都能精准识别，这点必须赞一个。不知道以后讲方言能不能识别出来，下次试试。,,
https://k.autohome.com.cn/detail/view_01hmzvm2j86ms3gd9q6wvg0000.html#pvareaid=2112108,不灭女神h,2024-01-25,5,我这用车都有十来天了，好几个朋友都坐过我的车，反正大家对空间的评价都挺高的，一点都不挤，而且我们都是北方大汉，哈哈哈。我个人是180的身高，买车的时候就很注意这方面，不喜欢太紧凑的，所以像极星4这种大空间很合我胃口。,5,极星4的方向盘设计非常到位，轻重大小都合理，手感不会太轻，也不会太笨重，感觉不错。转向的时候角度不大，挺精准的。,4,对于我这种性子比较急的人来说，充电速度太慢还是有一点不爽的，但是不可否认的是，极星4的续航还是给力的，充满后能开好久。,5,无边框车门、隐藏式门把手、北极星车标等等，都是一些个性时尚的设计，看着很高端。外观做工也精致，喷漆均匀厚实，一看就很高级。,5,车子内饰主要是以科技未来风为主，取消了不少物理按键，简洁又奢华，看着清爽不说，也好清理。新车没有味道，自带空气净化器，贴心得很。,4,车子贵是贵了点，但是绝对值啊，这个配置性能，谁看了会拒绝呢。,5,语音功能真好用，识别又快又准，直接解放双手，实用性拉满了。车内空调也能自动调节温度，5G的网络反应真快，导航的时候说完就蹦出来了，页面清晰度高，看着又大又清楚。,,
https://k.autohome.com.cn/detail/view_01hmkkvqkt6ms3gc9m6mrg0000.html#pvareaid=2112108,芝麻芝麻黑u,2024-01-20,5,极星4的轴距达到了2999mm，车身长宽高分别为4845*1994*1544mm，可以说相当有实力了，家用一点都不用担心。车内确实够宽敞的，不管是头部还是腿部的空间，都不会感觉紧凑。,4,动力强劲，行驶流畅，起步提速都很丝滑，但是呢安全带设计对我来说有一点点紧，不知道能不能调节，打算首保的时候去问问。,5,百公里耗电17个多，冬季有这个续航表现绝对可以了，目前新车电耗还算稳定，也没有特别高。,5,车身造型有个性的地方太多了，一辆落地四十多万的车，造型设计干净整洁，不搞那些花里胡哨的，有特点有辨识度，停在一众车里，老远的我就能看到它，而且回头率也高。,5,座椅设计真好，符合人体工学，兼顾柔软和支撑性，舒适性完美，长时间开车也不会觉着累。车内做工也不错，缝线均匀紧致，我这种强迫症看着很舒服。,5,车子只要自己喜欢那就值了，自己喜欢才是最关键的，所以性价比这方面，我感觉极星4还是挺不错的。,4,以前那辆车语音识别有点迟钝，现在这辆极星4相反，感觉过于灵敏了，其它没啥毛病，整体的智能度还是很高，导航啥的比手机好用多了。,,
https://k.autohome.com.cn/detail/view_01hmkd7z946ms3gc9k6wr00000.html#pvareaid=2112108,疯狂五线谱s,2024-01-20,5,我身高181，媳妇169，两个人都是高个子，乘坐体验相当不错，车内剩余空间仍有不少。平时外出购物相当的方便，尤其现在家里有了小朋友出门打包小包的一堆，往后排一放就行，一点不耽误乘坐。,4,之前一直想要一辆动力强悍的车子，现在如愿以偿了，反而还有点不适应哈哈哈，动力实在是太猛了，起步嗖地一下，我现在都得轻轻踩电门，另外车子开着很稳。,4,个人觉得充电速度似乎不是那么快，不过平时也不着急用车，睡觉的时候及时充好电就行。,5,极星4的造型设计得到了全家人的一致认可，外观超有个性，有一种极简奢华风，爱了爱了。,4,车内也是比较简单的风格，所以取消了很多的实体按键，看着更智能一些，不过我个人的用车习惯，还是比较喜欢那带点机械感的。,5,其实这个配置和性能也算正常，如果预算够的话，我觉得也是一个不错的选择，毕竟后期用车成本就不高了。,5,中控屏幕尺寸真大，一看就是科技感满满，可操作性非常强。不管是倒车或者是侧方停车等等吧，无死角监控，带的自动泊车也好用，真是科技改变生活。,,
https://k.autohome.com.cn/detail/view_01hmjwq7s66ms3gc9h64t00000.html#pvareaid=2112108,背对背的走v,2024-01-20,5,当时一看到极星4的车身尺寸，就知道车内空间肯定不会小，事实也确实如此，坐在车里还是十分敞亮的。前后排都比较富裕，毕竟2999mm的轴距确实挺优秀的，我们一家三口开这车出门都有些浪费空间了。,5,之前试过朋友的车子，开起来没什么感觉，但是极星4就不一样了，驾驶操控非常自在，就像是为我量身打造的一样，很有驾驶趣味。,4,对于一辆刚提不久的新车来说，电耗算是还可以了，但是在外面商业充电有些贵，所以我个人一般都选择在家里充，能省就省。车子的续航目前看来还不错，哪怕这么冷的天气受到的影响不大。,4,提车以来，身边好多朋友都在夸我这辆极星4的颜值，车身风格时尚前卫，气质到位，就是我感觉车漆有那么一点薄，不知道其他车友有没有这感觉啊。,5,大面积真皮加上高性能织物用料，质感就是不一般，一看就很高级，新车也无异味，环保值拉满。,4,车子毫无疑问是好车，买它并不亏，但价格确实有一点点偏贵吧。,5,车机系统比想象中要流畅许多，有骁龙8155芯片加持，智能性更上一个档次。,,
https://k.autohome.com.cn/detail/view_01hmbj3kvc6ms3ee1m60rg0000.html#pvareaid=2112108,天使在昨天o,2024-01-17,5,我这么壮实的身材，在极星4车里竟然半点都不挤，以前也坐过好多人的车子，像极星4这么宽敞的乘坐体验，坐进去真的很自在。另外后备箱也是超大的，开启后感觉能放很多东西。,4,车子开起来真的爽，这才是真正的享受开车啊，丰富的辅助驾驶功能，超强的动力表现，要是安全带略微松弛一点那就更完美。,4,我个人情况是平日里用车一般比较多，所以充电的问题值得重视，感觉充电有一点点慢，不过车子续航还是很准的。,5,极简风格简直就是我的最爱啊，车身设计没有一丁点多余的地方，线条非常流畅，看着就舒服，摸着更是高级，全车360度无死角。,5,有一种轻奢的感觉，搭配上星空个性氛围灯，实在是太棒了，而且设计不繁琐，车内也好清理，极简风的格调我很喜欢。,5,用车个几天就知道买得不亏了，这么棒的性能，这么高的颜值，根本拒绝不了，车子好看好开，价格感觉倒也公道。,5,智能配置十分全面，导航、语音等功能主打一个实用性，空调和音响等配置主打一个高品质，大屏幕触摸细腻流畅，一点不卡顿，实打实的高智能化。,,
https://k.autohome.com.cn/detail/view_01hgd2q0pp6ms34e9p6wrg0000.html#pvareaid=2112108,镜子中牧,2023-11-29,4,前后排之间的距离十分宽敞，尽管是低趴式设计，但头部空间也不错，主要是和前排相比，前排稍微有点偏小了。,5,车子动力比想象中厉害多了，不管是直线还是弯道行驶，平稳性都出色，更关键的是在CDC电磁悬架的加持下，能通过方向盘实时感受到路面情况，很有趣味性。,4,车子续航里程还是比较给力的，官方里程六百多，自己也还没试过，只是电耗高了，但也可以理解吧。,5,我个人觉得这个颜值还是很时尚的，看着就像是那种几十万的豪车，很有视觉冲击力。,4,整个内饰主要是以环保为主，乍一看其实亮点不多，不过做工确实精细。,5,尽管这车子刚买不久，但整体的一个表现还不错，挺满意的。,5,智能配置那就太多了，不过最喜欢的还得是车机系统和辅助驾驶，既方便又有安全感。,,
https://k.autohome.com.cn/detail/view_01hgd2793y6ms34e9p6mwg0000.html#pvareaid=2112108,无形俱挪,2023-11-29,4,大尺寸全景天幕还是很奈斯的，让车里更加通透了，就是没有后挡风设计，对后排多多少少有一点影响。,5,直线加速快，弯道行驶稳，这就是极星4驾驶上最大的特点，车子轴荷均衡，过弯的时候可以很轻易地按照预定轨道行驶，很少出现偏离情况，操控性能是很强的。,4,最近气温较低，而且堵车严重，耗电稍微就有点快了。,5,其实这车子外观设计风格是非常大胆的，没有后挡风设计，确实有一些新意。,5,车子内饰在视觉效果非常棒，做工细腻，质感突出。,5,就单单只说车子的驾驶趣味，我就觉得特别值了，价格合理。,5,骁龙8155芯片，突出一个科技智能，车机功能多，流畅度也高。,,
https://k.autohome.com.cn/detail/view_01hgd1qdgt6ms34e9p6gsg0000.html#pvareaid=2112108,均委主任日,2023-11-29,4,其实很多时候都是我一个人开车出行，空间绰绰有余，即便车内满载，空间也完全够用了，主要是车内储物空间较为一般，不够实用。,5,高强抗扭车身设计可以说是这辆车的一大亮点，平时开车基本没有后顾之忧，尤其是在高速行驶和过弯的时候，安全性很强，也有很不错的防侧倾效果，充分保证安全。,4,我一般开车速度比较快，所以耗电会稍微快一点，这个和自己的驾驶习惯有关。,4,乍一看确实十分惊艳，但是呢不算耐看，车头前脸时尚过了头，容易看腻。,5,这个内饰第一眼就有一种很豪华的感觉，色系搭配非常时尚，特别漂亮。,5,我特别在意车子驾驶体验，在这方面极星4可以说是同级车中的佼佼者了。,5,语音功能比想象中好用多了，而且车子配置丰富，科技感强，这才是真正的豪车。,,
https://k.autohome.com.cn/detail/view_01hpxp75wk6ms3jdhk6mrg0000.html#pvareaid=2112108,忠实车粉蘇蘇,2024-02-18,5,环保材质真的很好，很喜欢这种理念车内没有任何味道，非常环保，能够让自己的孩子和老人安心，放心 安全,4,,4,开车非常舒服相比，目前的新能源电车，它的架空是让我惊喜的，加速了线性自动的那种帖服地面的感觉是没有其他品牌可以做出了给了我很多的价值信心,5,设计很有国际范，这个设计很久都不会过时，极简中带着豪华，豪华中带有情调，说不出来的性冷谈风,4,,4,,4,,,
https://k.autohome.com.cn/detail/view_01hpm5fcy36ms3jd9h64tg0000.html#pvareaid=2112108,哥们美女,2024-02-14,5,前排座位的乘坐空间宽敞舒适，对于长时间的驾驶也没有任何不适感，而且，该车拥有大量的储物空间，可以轻松存放各种物品，如手机、钥匙、雨伞等，这些储物空间的设计合理，方便我整理和取用物品。,5,在驾驶方面，它给我留下了深刻的印象，首先，它的驾驶操控非常灵活，转向非常敏锐，指向感也非常准确，这使得我在城市里面驶驶时感到非常轻松和舒适，此外，它还拥有出色的悬挂系统，能够有效地吸收路面上的颠簸，提供更为平稳的行驶体验。,4,我这款车是纯电动的，不过在市区开的话是足够的，就是跑高速的时候这个续航不长。,5,它具有现代化和动感的外观设计，给我一种时尚而时尚的感觉，车身线条流畅，线条简洁，并且注重细节。独特的前大灯设计和大尺寸的轮毂使车辆更具视觉冲击力。,5,它的内饰设计和用料也是非常精致的，它采用了高品质的材料，细节处理到位，座椅舒适度高，提供了足够的支持，让长时间的乘坐没有任何不适感。仪表盘和中控台的设计非常简洁，按钮的布局合理，方便操作。,5,总体而言，它的性价比是相当不错的，它是一款价格适中且配置较高的车型，不仅拥有丰富的安全配置，还具备先进的驾驶辅助系统。,5,最后一个方面，它的配置也非常丰富，它拥有诸如多功能方向盘、自动空调、全景天窗、导航系统等高级配置。此外，还配备了一系列的驾驶辅助系统，如全速自适应巡航、倒车雷达等，提供了更高的驾驶安全性和便利性。,,
https://k.autohome.com.cn/detail/view_01hpbd97286ms3jd1n64t00000.html#pvareaid=2112108,陈鸿源,2024-02-11,4,驾驶位不会特别高，比较适合操控。后排座位坐垫高度长度都非常合适，关键后排座椅角度支持电动调节。比很多的不坐车要好很多。,5,加速不抬头，刹车不点头，转向不摇头。全铝底盘100分。,4,符合预期，冬季时速120公里续航可以达到420。86度电池。够用了。,4,轿跑suv设计配合雪晶白车身。无后挡风玻璃设计。21寸大轮。外观正好是我喜欢的。,4,内饰用的环保可再生材料。天然材料，设计总体很简约。不会太浮夸，可以接受。,4,27万左右拿下的价格，这台车的操控以及外观设计以及北欧瑞典的品质，物超所值。,4,车机是合格的，有一些小的bug，下一次应该可以修复。辅助驾驶一般般，目前只支持车道居中和拨杆变道，但是好处就是赠送辅助驾驶包。,,
https://k.autohome.com.cn/detail/view_01hp9fvds26ms3jd1m60s00000.html#pvareaid=2112108,之家车友1153190,2024-02-10,5,关于空间方面，它给人一种宽敞的感觉，车厢空间相当宽敞，乘坐舒适度较高，前排座椅有足够的头部和腿部空间，而后排座椅也能容纳3个成年人。此外，它还有一个相当大的后备厢，可以轻松容纳一到两件大型行李。,5,在驾驶感受方面，它给人一种非常平稳的感觉，由于采用了后置后驱驱动系统，所以在启动的瞬间可以迅速达到最大扭矩，从而快速加速，另外，它的悬挂系统较为出色，能很好地吸收道路上的冲击，使得整个驾驶过程更加舒适。,4,我这款车的电耗还是有些高的，所以就导致我这款车的续航里程没有那么长，不过我这款车是可以快充的。,5,对于它的外观设计我非常喜欢，它的造型非常时尚，线条流畅，给我一种非常现代感的感觉，前脸采用了大面积的镀铬装饰，非常抢眼，同时还具有一定的运动风格。车身的曲线设计非常流畅，看起来非常动感。此外，它的轮毂设计也非常独特，增加了整车的辨识度。,5,很喜欢我这款车的中控屏幕，看起来高清，而且它的音响效果好，是哈曼卡顿的。,5,在性价比方面，这款它算得上是一款非常具有性价比的车型，尽管它的价格相对较高，但相比其他同级别的豪车来说，它的价格是相对较低的。与此同时，它提供了丰富的配置和先进的科技功能，如智能语音控制、自动泊车辅助等，价格相对来说非常值得。,5,最后，我们来谈谈这款它的配置，作为一款豪华SUV，它的配置非常丰富，在安全方面，它配备了很多主动安全和被动安全系统，如主动刹车、车道偏离警示等，确保我的安全。此外，它还配备了豪华配置，如全景天窗、哈曼卡顿音响等，提升了整车的豪华感和舒适度。,,
https://k.autohome.com.cn/detail/view_01hpxne4hx6ms3jdhk68t00000.html#pvareaid=2112108,石家庄车友3645579,2024-02-18,5,空间的话非常的大，然后后排空间腿坐进去之后还有两拳的距离，前排也是坐进去之后腿可以完全伸开。,5,驾驶感受的话是非常的稳的还有他的变速变道一点都不会让人头,5,续航里程也是非常长的，是686km。在新能源电车方面是非常优,5,外观的车身是流线型的，它有六种颜色。两个选配，选配是瑞典金和电子蓝。,5,内饰的话是有哪怕真皮面料是进口真皮他是选用苏格兰高地小牛皮质量是非常好的不怕蚊虫,5,价格政策的话是目前是减6万。然后是非常非常优惠的。因为他有3万元的反差价优惠然后再减三万元的豪华套件就,5,智能化的话，os智能系统是非常方便便捷的，它就相当于是一个平板一样可以下载APP，还有小窗移动都是ok的，非常的便捷。不需要什么含金量的学习。,,
https://k.autohome.com.cn/detail/view_01hepmejr06ms30e9r70tg0000.html#pvareaid=2112108,汽车茶花,2023-11-08,5,近距离感受极星4的空间，更加能够感受那种“宾至如归”的感受，车内空间比想象的更加的宽敞舒适，前后排都能够拥有非常舒适的乘坐空间体验。而且并没有为了提供空间而缩减座椅的舒适度。毕竟极星4在车身尺寸方面很有优势，车长4米8多，车宽2米，轴距更是达到了2.999米。,5,极星4的有一点是非常吸引我的就是它的优异性能表现，最大输出功率为400千瓦，轻松达到了零百加速最快速度仅需3.8秒，这对于追求汽车性能表现的人来说，绝对是非常大吸引。优良的调配也让极星4有着非常不错的动力平顺性，兼顾了舒适与速度。,5,极星4拥有多款车型可供选择，用户完全可以根据自己的需求选择合适的车型，分别搭配了单电机和双电机，而且电池的容量也是不同的。根据不同的动力输出表现也有不同的续航里程，续航里程从620-755km，就算是最低的620km也是足够了。,5,极星4的外观设计我是非常喜欢的，一直都非常喜欢这种概念车的感觉，极星4整台车都给人一种“梦想照进现实”的感觉。极星4的这种设计风格并不多见，很与众不同，市场上千篇一律的设计真的让人分不清哪个品牌。极星4就很有自己的特色。,5,所谓高端车就应该是极星4这样的，打开车门座舱氛围感一下就来了，车门一关，瞬间安静，整个给人一种进入另一个时空的感觉。车内精致细节也是很加分的，目之所及都是精致的设计，哈曼卡顿尊贵级音响系统，16个扬声器，外加光感天幕，一整个惊艳了。,5,作为一台高端纯电的中大型SUV，极星4的定价还是可以的，最低配2023款 单电机标准续航车型的厂家指导价34.98万，最高配是2023款双电机高性能PRO车型，厂家指导价53.38万，从整车的设计到内部的精致，还有丰富的智能配置来说，这个价格可以。,5,极星4的智能化配置也是领先的，光是一个光感天幕，就让我很惊艳。支持5G网络，在车联网方面更是优秀，让我觉得非常方便是手机APP可远程控制车辆的启动，还有车门的控制。内部配置高通骁龙8155芯片，操控方面根本不用担心。,,
https://k.autohome.com.cn/detail/view_01h8ppy33a6mrk2e9s74r00000.html#pvareaid=2112108,陈公琰,2023-08-26,5,这辆车虽然看着挺精致秀气，其实并不小。车长超过4米8，车宽超过了2米1，轴距2.999米，这种体量肯定会带来不错的驾乘空间。我身高177cm，前排调好不动情况下，后排腿部空间十分够用，头等舱达不到，剩个三四拳是有的，翘个二郎腿啥的毫无问题。极星4座椅有点电竞座椅的感觉，乘坐挺舒服。后排座椅角度也可以调节，更大的提升了后排乘客的舒适度。后备箱容积数据我没查到，目测中规中矩，后备箱分层设计，下面还有一个挺深的工作箱。,5,动力部分极星4是基于400伏平台打造的。采用碳化硅逆变器，可以为这台车的电机效率带来非常大的提升。这辆车采用永磁同步电机，最大输出功率为400千瓦，零百加速最快仅需3.8秒，这加速就有点惊人了，你怕了吗？,5,"续航方面,长续航及标准续航的极星4电池包容量分别为102千瓦时和88千瓦时。峰值扭矩达到686N·m,CLTC工况下可实现最长631公里的续航里程。单电机车型最大输出功率为200kW,峰值扭矩为343N·m,在CLTC工况下分别可实现最长709公里和628公里的续航表现。",5,不得不说这辆车的外观真是令我着迷，既有着轿跑的低趴的车身姿态，又有着SUV的高通过率，设计上简洁清新又别具一格，有点像是一辆概念车。车头为封闭式设计，下方进气口大小适中，分体式大灯上下对称，无框式车门，隐藏式门把手干净利落。贯穿一体式尾灯点亮后非常漂亮。值得一提的是，为了更好的打造整体感，这辆车竟然大胆的取消了后车窗，而使用流媒体车内后视镜。这种做法的另一个好处就是让我们拥有了一块无比巨大的全景天幕，甚至延伸到后排乘客的头部之后。,5,座舱内和很多新能源车型一样使用了浅色为主的色彩搭配，内饰用料也十分考究，包括由100%回收PET定制的Tailored Knit编织面料、MicroTech生物性环保面料及经过动物福利认证的Nappa真皮面料。内饰设计上采用了大量平直的线条，基本没有物理按键，加上硕大的中控屏，当光感天幕和氛围灯亮起时，仿佛置身未来世界。,5,"目前这款车272马力有三种配置，分别为单电机标准续航、单电机标准续航PLUS以及单电机长续航PLUS,对应价格分别为34.98万元、38.78万元和41.78万元。544马力同样有三款配置，双电机长续航PLUS45.38万元，双电机高性能PLUS48.38万元，双电机高性能PRO53.38万元。嘿，这名字起的，跟数码产品似的。",5,"智能化表现方面,极星4也是十分领先,15.4英寸的横向中控屏搭载了基于车载原生安卓操作系统,且由高通骁龙数字座舱平台驱动的人机交互系统。高德导航、百度语音和Flyme Auto Core为极星4共同打造了目前中国市场上领先的导航、语音识别和应用生态;新的车载应用还可支持卡拉OK模式、行车记录仪、依托于车内摄像头的视频通话及自拍等功能。除入门版本外,极星4标配12个扬声器、1400瓦功率的哈曼卡顿尊贵级音响系统。如果用户选装Nappa座椅套件,则可额外拥有位于前排座椅上的4个头枕扬声器,这意味着极星4全车最高可配备16个扬声器。同时极星4也标配苹果CarPlay功能。",,
,,,,,,,,,,,,,,,,,,
https://k.autohome.com.cn/detail/view_01fta234vc6grk2e1m74wg0000.html#pvareaid=2112108,龙眼虾仁宋,2022-01-26,5,极星2的动力和外观设计注定让我和它结缘，其实还有很重要的一方面就是价格，喜欢归喜欢买不起也不行，我这台单电机长续不到30 在这个级别里还算比较实惠的，看了别的车型长续航基本在30多了。还有一点很重要，这车开起来的驾驶质感比较高级，这个后面会讲到。,5,动力应该是我这台车可以侃侃而谈的谈资了，纯电动你懂得的，只要舍得踩下加速踏板，绝对可以让你副驾的女生尖叫。起步的时候电车的丝滑感受真的非常棒，润物细无声的动力响应绝对让你很喜欢这种驾驶风格，这也是纯电车的魅力之处。,5,操控主要是动力和底盘，这是理解的操控性。当然转向的指向性也是其中一部分，极星2的动力前面有提到过，加速非常的顺畅丝滑。加上低速轻盈高速沉稳的转向手感让我非常喜欢开上这台车，得益于沃尔沃CMA的架构，极星2开起来非常的稳，弹跳有序没有多余颠簸的感觉，非常干脆。而且底盘传递给车内的人一种很紧凑的感觉，不松散。,4,因为是纯电的，用车成本省了不少，所以电耗这块没太在意平时开车轻缓不定，目前电耗算比较高的，不过电费比油费单价便宜多了。电耗和油耗同样有很多因素影响的，个人开车习惯，驾驶风格都有影响，不过和油车不一样，高速续航电耗更高些。,4,舒适性够家用了，整体其实还是偏向运动的，座椅包裹性还可以就是填充物有点硬了，不过座椅材质是用了类似潜水服的材料，可以透气防水，毕竟不是真皮座椅所以舒适性不如真皮座椅，极星2也提供真皮的内饰风格，需要选装，但选装nappa真皮又不划算。好在底盘调教的有功底，悬架表现还是挺让人满意的，行驶质感很高级，车内隔音效果也不错，所以整体的舒适性是OK的。,5,极星2的外观整体比较协调，是我喜欢的类型。车头很精神，开眼角大灯设计是点睛之处，看着就很有范儿，车身明显的线条显得气派硬朗，有点就像个阳光大男孩的感觉。贯穿式的车尾设计，看起来有个性也比较适合现在社会流行的一种设计手法，加上掀背的后备箱设计，整体还是比较好看的！,5,"内饰用料极星2还是很有考究的，车内的很多材质都是环保用料可再生的新能源，具有耐脏防水功能。设计这块车内也不输外观，精致的镂空电子档把，带有发光的极星车标，全景天窗上也有一个一模一样的发光LOGO,很有美好的寓意。最让我喜欢的还是中控台的设计很有层次感，而且立体感很强配上高级的车内照明，那种高级的车内氛围感让人蛮舒服的。",,
https://k.autohome.com.cn/detail/view_01fr2df2yx6gr3echn74wg0000.html#pvareaid=2112108,岷具峨雪浪,2021-12-29,5,空间对我来说意义不大，因为父母有自己的车子。买这车主要是我个人用，除了空的时候和发小逛吃逛喝平时也坐不了几个人，乘坐空间和储物空间够我用了。即使满座的话也不是很挤，公司团建的时候拉过一次满员，同事评价也还可以。,5,电动车嘛就是动力好，起步快。基本等红灯起步时候没输过谁，整个加速过程毫无不拖沓，这跟燃油车的驾驶感受完全是天壤之别，开上电车真的再也不想碰油车了。,5,我喜欢这台车偏运动的调教，底盘扎实真皮方向盘手感舒服。转向手感低速的时候比较轻盈高速转向力度相对沉稳一些。底盘的调教太让我喜欢了，整个给人非常紧凑的感觉，对于路面反馈很清晰，作为驾驶员不管是视野这台车通过的反馈让你很清楚自己跑在什么样的路上，这大概就是理解的操控了吧。,4,我的电耗其实是有降下去的空间，因为平时开车偏激烈驾驶多。电车和油车有点共性就是暴力驾驶会费油费电一点，不同的地方在于高速行驶油车省油一些，电车高速行驶电耗也会相对耗电一点。如果平时开车慢一点缓一点，别像我这种急性子电耗肯定会下降一些的。不过话说回来，电费比油费便宜的多啊，这点电耗其实耗费不了多少，换之能获得一个很不错的驾驶感受。,4,看过起前面说的就知道我对舒适性其实也不是那么关注，客观点讲这台车是偏运动的。舒适性比主打这方面的车型肯定会差一些，不过大厂底盘的调教功底摆在这，所以家用开开蛮合适的，既有很强的操控感又有还算不错的舒适性。,5,外观其实就是各花入各眼的事，喜欢的人再怎么说他还是喜欢的，不喜欢的说一千道一万他也喜欢不上。我是喜欢造型气派一点的车，相比之下有人就喜欢时尚感强圆滑的造型，这都很正常，人以类聚物以群分的嘛，总有人和我趣味相投的呀。,5,内饰设计感没的挑剔，虽然没选真皮那天重构木内饰，但我这台织布的材质也是高级的，整车没有动物制品的成分应了这台车环保的设计理念，再者这些内饰都具有防污防潮的特性，重要的是环保啊，毕竟买车的人在车内待的时间是最长的，环保的内饰意味着身心健康有了一份潜在保证，这就很NICE。,,
https://k.autohome.com.cn/detail/view_01fqg03sat6gr3ad9h6mtg0000.html#pvareaid=2112108,成都车友7816825,2021-12-22,4,极星2汽车,5,双电机 刚刚的。100米4s吧加速反应快，超车顺畅。要适应下这个电动车的电机，跟发动机的感觉不一样，特别是单踏板模式。由于平时还要开油车，所以没有开单踏板模式,5,赛道调教。加速快乐满满。过弯平顺。舒服。。。。真的很好。,4,表显精确，市内通勤足够。基本够用，现在平时都用电车，充电也方便。,5,沃尔沃风格。内饰舒适极简。用心。座椅包裹性很好。调节方便。,5,前脸辨识度高。雷神大灯犀利。极简风格。很喜欢，而且缝隙做的很均匀。,5,无异味，科技感满满。健康。容易打理。质感很好。,,
https://k.autohome.com.cn/detail/view_01gp3173vq6gvkec1h6mr00000.html#pvareaid=2112108,淮安车友0746129,2023-01-06,3,极星2汽车,5,加速平稳，这个是所有电车不具备的，不能说好吧，只能说更加安全,3,我是后秋季买的车，天气渐凉，485的续航正常300km吧，可能是我开车暴力,5,我比较喜欢的类型，很硬朗的车身，前脸大嘴造型我特别喜欢,5,极星2汽车,4,性价比就仁者见仁智者见智了，我觉得按vovo的标准这车性价比全是很高了,2,极星2汽车,,
https://k.autohome.com.cn/detail/view_01gp09d4hc6gvkce1n6wsg0000.html#pvareaid=2112108,雷霆灰7608,2023-01-05,4,对于1米7的身高来说是刚刚好的，后排空间相当来说比较紧凑,5,加速虽然只有7.4秒，但是实际的体验超车也很平顺,4,冬季续航带空调的话电耗在25左右，不开空调，不开高速的话，整体打7折,5,外观是我喜欢的硬朗风格，有雕塑感，雷神之锤大灯,4,内饰整体比较简约，潜水服的面料，比较好打理,5,价格比较优惠，性价比高，单电机标续就很不错,3,目前来说是属于半智能化的车机水平，等后续的OTA升级，支持有线Carplay,,
https://k.autohome.com.cn/detail/view_01gnyger006gvkce1g74wg0000.html#pvareaid=2112108,强大无比,2023-01-04,4,空间略小，家用基本够用，人体工程学设计，很舒适,5,顺滑，简单易操作，动力强劲，超车无压力！,4,20个电左右，毕竟标准版，还是有续航焦虑,5,外观大气，线条分明，我选的镁银，颜色很正，很耐看,5,做工精细，无异味，设计的很高端，上档次。,4,还不错，就是需要多设4s店，维修保养方便,5,全车四周雷达，防碰撞  防疲劳驾驶，唤醒很灵敏！,,
https://k.autohome.com.cn/detail/view_01gp0ezh0s6gvkce1q74v00000.html#pvareaid=2112108,Monkeeeeee,2023-01-05,4,前排空间很大，储物能力一般，座位和中控之间有缝隙，手机容易掉进去。中控杯架设计略不合理。后排乘坐空间一般，短途问题不大。前、后备箱空间够用。,5,起步和刹车没有晕车感，单踏板模式和油车模式都可切换，对新手和老司机都友好。,4,冬季没有仔细测算，续航能力应该属于平均水平，没特斯拉能抗。,4,结实耐造，设计北欧风，介于SUV和轿车之间，动感十足，耐看。,4,内饰环保无异味，非常棒，中控设计一般，档把下方有个凹槽容易进小的异物，难以清理。,4,安全性能满分，物有所值，毕竟交通工具的第一要务是让人安全出门，再安全进门。,3,要啥自行车，智能化啥的就别想了，车挺好开的，别的就算了。,,
https://k.autohome.com.cn/detail/view_01gd8cmj8j6gtkge9h6ct00000.html#pvareaid=2112108,DD277,2022-09-18,4,空间..我就媳妇儿跟我，偶尔载客，然后是天幕（头部空间能多10cm）..然后我188，98kg..除了主驾驶上下车稍微憋屈些..其他挺好..前后都有储物空间（很足..22版的前引擎盖下的储物空间增加，放个包，2-3个篮球，1-2双篮球鞋..问题不大；后备箱除了正常储物空间外，下面打开还有跟地窖一样的额外的储物空间，棒！额外的储物空间大概是引擎盖下储物空间的一点五倍左右..），后备箱还是个跟SUV一样的打开方式..棒..,5,极星2汽车,4,续航..啥都不开，随心驾驶..20-25每百公里..这样的话，续航300KM左右吧..要是开了动能回收，不瞎踩油门（空调照常开）能到16左右..这样续航能到400；空调再关掉的话能降到15-15.5，同样正常驾驶..开高速对比油车省油攻略..把速度控制在90KM左右，开着空调，也可以保证16左右的电耗，开400公里问题不大..高速要是冲到110+，感觉车开起来有点儿刺激..胎噪也起来了，电耗也上去了，开着空调以及动能回收的话，18-20是要的?,5,极星的总经理是设计师出身，管理层也都是延续北欧风格，所以外观、内饰以及细节在同价位的车子中没得说。,4,有高级感，好处是用的环保材质，没啥味道，去甲醛比较快☺️,4,要是78度的电池不用花额外的3万块就太完美了🤓🤓🤓,4,这个不另外花3万块的智能包好像不太够..我当时估摸了下还是补上了这三万块😎,,
https://k.autohome.com.cn/detail/view_01g8svpm8j6gt3jdhm6cw00000.html#pvareaid=2112108,自由_远方,2022-07-25,3,后排坐感一般，中间凸起不适合坐人,5,单电机7秒多还是够用,5,操控很不错，高速上超车很稳,5,这车高速很省电，比我以前的电高还省,4,减震有点偏硬，但总体说还是很好，能接受,5,首先看中的就是外观，喜欢这种肌肉风格,5,内饰是属于轻奢风格，简单大气，关键是没有异味,5,要说性价比那我这台极星2可以说性价比很高的，入门版的安全配置和高配的都一样但价格在同级别还是很有有优势的，只要20出头。关键是这台车的驾驶质感好啊，同级别的车子我也是试驾过单纯从底盘质感来讲极星2的水准在30多万的车子这个级别但实际售价却要低得多，难道不觉得这很划算吗，这不就是性价比。
https://k.autohome.com.cn/detail/view_01ge1m3vcy6gv30e1h6gr00000.html#pvareaid=2112108,桉n牡丹,2022-09-28,4,极星2汽车,5,操控本身就是见仁见智的问题，但对极星2的操控我评价还是蛮高的，首先转向力度可以根据自己需要有三档可调，指向性上的话整个车给我的感觉很紧致，但不紧绷。电子助力给到的反馈让整个驾驶变得很轻松，另外值得一说的就是底盘了，支撑性很足，即使速度快一点过弯，车身也能被拉住，有人车合一的感觉。,5,续航里程比预想的好很多，基本上充满电显示560km，市区走走停停的路段掉电不是很快，只有上了高架快速路，掉电速度会增快一点。实际续航里程可以打个8折扣左右，夏天开空调在7折左右，能爬四五百公里对我来说也还算可以接受。,5,外观还是有点跨界轿跑的感觉，有人觉得刚硬的线条不好看，这都是因人而异的吧，至少车身设计能让人感觉出豪华感，类似无边框后视镜、20寸轮毂等等。,4,内饰做工不错，还是符合豪华品牌的感觉。和车辆有关的功能几乎都被集成在中央大屏上，包括用料啥的符合豪华品牌的设定，新车也没有一丁点刺鼻的味道，开起来放心很多。,5,单电机版本，零百加速是7.4s，但实际驾驶下来的感觉并没有想的那么拉垮，估计是电动车的特性，起步、超车还是游刃有余，提速还是嗖嗖的，像陆地小飞机。平时开车也习惯用单踏板模式，也不存在燃油车的扭矩平台，整个动力衔接非常顺滑。,5,说实话这个价位可选的车很多，但真的有豪华品质感和个性化的车，极星2算是很出众的一款。本身就想购买一款有格调的车型，从价格上看，单电机长续航版本的性能最符合我的预期，豪华品牌、精致的做工和设计，开在路上的回头率也很高，喜欢的人还是挺爱不释手的。,5,我一直不明白性价比到底是怎么定义的，比如一件商品的性价比是如果定义的。就拿我这台车说，我的性价比就一定是公认的性价比吗?也不一定吧，所以说性价比还不如直接点问这车值不值得买？那我觉得务实的人肯定是喜欢极星2的，毕竟配置车身用料更厚道，那也有喜欢面子的人可能就为了品牌。总的来说，极星2是值得推荐，毕竟20出头的价格，有大厂做背书产品稳定性包括后期维保更为成熟。最后我想说，性价比还是看个人买车的需求是什么。
https://k.autohome.com.cn/detail/view_01ge13h6qe6gv30dsm6gt00000.html#pvareaid=2112108,钟祥清泉州,2022-09-28,5,极星2汽车,5,极星2汽车,4,电耗大家都别参考我的，我开极星2高性能版肯定开关脚的哈哈哈。所以这个电耗肯定不能看了，不过我也有佛系的时候，一般正常市区开，开空调我的电耗基本在16~17左右，堵车的时候也不变，这就是咱电车的好处。,5,极星2运动的外观加上硕大的卡钳，锻造的轮毂，这车再弄个尾翼就完美了。外观这块真的没得说，而且气门嘴和安全带还是黄色的，真的是气氛拉满了。,4,内饰其实我蛮喜欢的，要屏幕有屏幕，要功能也有功能，并且整体的设计也没有国产车那么拉跨，那么廉价。在保证实用的同时还是有一种豪华感的。很不错,5,我倒是觉得性价比在同级车里应该是蛮强的了，毕竟快的纯电车有很多，但是各方面都是高性能的纯电车很少，你可以说极星2高性能不是最快的，但它一定是最均衡，最好玩的。总之，我觉得花这个钱给我这个乐趣，摸到了超跑的门槛，我觉得已经性价比很高了。,5,你还能找出同级里运动范这么强的高性能纯电车么？而且为什么过了这么就才发口碑，就是想深入的体验之后跟大家分享一个长期的使用体验。而且就光是那个4万的高性能选装包就非常实惠，傻子不买啊。,3,品牌力强，小众。适合小众人群。品牌还需要宣传一下。国际化路线。
https://k.autohome.com.cn/detail/view_01gdygca7m6gv30d9j6gt00000.html#pvareaid=2112108,jzhq碁,2022-09-27,5,极星2是我一个人开的，我一个人觉得这个空间也够了，不止是乘坐空间还有各种储物空间，扩展空间啥的。这个掀背的尾门让后备箱的开口很大，空间更是大了不少，放行李很方便。所以空间这块很满意。,5,极星2汽车,5,"夏天的时候，上车第一件事情就是开空调，停车的时候也是不关的，怠速直接开着空调。就这样我的电耗也就16.5~18KWH/100km,因为平时车上就一个人，所以比较轻，反正这个电耗我可以接受，快充40分钟左右就满了，也方便。",5,外观我感觉不止女孩子，男孩子看了也会有很高的评价，真的，极星的设计真的不会让人失望。这也是30万里最好看的纯电车了，不接受反驳。,4,内饰中规中矩的，优点就是整车内饰用的都是环保材料，没有异味。另一个就是像开头说的，内饰设计有点简单，大屏没有现在的国产车那么炫酷，这点其实我是不在乎的，父母比较关注这个,5,一个是颜值一个是价格吧，30万以里可以买到这样的车，别人都是以为是50万的，而极星2开起来很灵活，在城市里穿梭，停车也都蛮方便的，唯一一个掀背车，放行李的时候很方便，我感觉这车很适合女孩子。,5,我喜欢颜值高，路上稀有，设计好看的车。所以我觉得35万能买极星2这样设计的车我就觉得性价比很高了。至于我父母他们肯定觉得比亚迪，小鹏性价比高，因为那些车有大屏，反正性价比这个东西每个人都有不同的见解，我觉得这个价位买不到更好看的车了呀。,5,极星2汽车
https://k.autohome.com.cn/detail/view_01gdwypw1p6gv30d1m74w00000.html#pvareaid=2112108,xuj2489,2022-09-26,5,极星2汽车,5,极星2汽车,4,平时开车有点开关脚的，又加上开空调，所以电耗会稍微高一点，但是我一个人不代表所有，我见过有哥们开个10~11kwh/100km的，当然那就是很佛系了。相对来说极星2这个车不是很耗电，日常使用在一个可以接受的范围。,5,外观这东西见仁见智吧，每个人的看法不同，但是我觉得极星2蛮帅的，再加上选了一个比较豪华，有欧洲范的颜色，显得更加豪华了。,4,内饰设计很简约，但是看着简约，该有的都有了，液晶仪表可以显示导航，车辆信息，能耗和续航。基本的操作都是在大屏里，而且还有原厂的高德地图和酷狗音乐，用着很方便，到处都是环保材料，摸上去的感觉就不一样。,5,当时看下来感觉路上MODEL 3和P7之类的车太多了，但是自己的预算只有这么多，最后看到了极星2感觉很有个性，另外内饰的配置和智能化这块不比市面上的车差啊，所以最买了，又是同级唯一一个掀背车，综合性很强。,5,以我的角度来看，极星2，一台30万的电车，能有这样的续航，这样的综合表现已经非常不错了，此外，它的颜值还特别高，这应该才是鱼和熊掌兼得的车吧，总之我用下来觉得极星2性价比很高，要是家用的话可以买它。,5,有些人会觉得极星2的性价比不高，但是我觉得它的性价比蛮高，尤其是我加装了高性能套件之后，极星2的性价比跟高了。这个价位可以买到Brembo四活塞的刹车，锻造轮毂，欧林斯的避震，这性价比不高？有些人是觉得电车没有大屏，没有花里胡哨的功能，没有语音助手就性价比不高。那可能每个人都性价比的要求不同吧，总之如果对性能有要求，对操控有追寻的人，但是选择范围又只有电车，那么选择极星2就是性价比最高的电车。
https://k.autohome.com.cn/detail/view_01gbryxjnm6gtkcc9p68rg0000.html#pvareaid=2112108,薰莸同器243,2022-08-31,4,前排空间中规中矩，储物地方正常水平，但提一个意见没有地方放墨镜。后排的储物空间就很少了，基本只有左右两个门板上的储物槽。后备箱空间我觉得还行，掀背的开口很大，进深也可以。最近天气高温，车停在露天车位暴晒，车内温度直线飙升。虽说原厂空调声音有点大，但制冷效果很不错。前排座椅的包裹度也不错并带座椅记忆功能。开起来的感觉也不吵不闹，静音性不错的。,5,它的电机的动力完全能应付日常驾驶了，加速、超车轻松愉悦，毕竟纯电动车起步就能达到峰值扭矩，所以不存在非双电机车型动力很菜的情况，相反持续加速时还得时长注意车别差速了。各种路况的适应能力很强，方向精度高，指哪打哪，底盘稳定性强。避震偏运动，侧向支撑性好，但是代价是过坑会比较直接一些，震感会突出一些。,4,平时市区通勤15-17个左右，充满一次电最多跑了540公里，相当接近原厂数据了。,5,极星2的颜值不用多说，雷神之锤和全黑中网辨识度非常高。整个车身有一种跨界轿跑的感觉，尾部相对车头棱角更多，方正的感觉有点未来汽车的味道。,5,偏冷色系的极简设计算是亮点吧，尽管是极简风但内饰整体感官还是有着一股豪华车该有的味道，比较适合我的审美观吧。新车没异味这一个优良传统保持的非常好，实体按键做的也相当的精致，反正开起来很顺手比特斯拉要好很多,5,之前就是沃尔沃S40的车主，所以对沃尔沃品牌很有感情，之前车子开着就感觉很皮实，安全性也贼高。碰到过几次追尾，车本身也没啥大事，后来想着换个新能源汽车，但是听到了极星2也去试驾了下，驾驶i质感、环保内饰还有很全面的安全性都让我动了心。,5,极星品牌可能知道的人还不错，但从车本身的质感来说，无论是外观内饰还是驾驶起来的感觉，我觉得都要比现在街面上看到的那些车要好很多。如果纯粹追求驾驶乐趣和品质感的话，极星2是个不错的选择，当然车子本身也会有这些那些的不满意，只能说瑕不掩瑜！当你真正开上这台车的的时候，你会发现，真香！,5,在这个价位里，极星2的性价比还是蛮高的，尤其是这个双电机的高性能版，像我这种喜欢性能的人就很适合选一套高性能包。里面的东西在外面买买绝对是超过4万的，所以我觉得很值。还有就是如今这个价位的车型普遍都是轿车，极星2是一个跨界车的设计，既有轿车的操控，又有点SUV的空间表现，有点一举两得意思。总之，这台车不管是一个人开还是家用，都是一个不错的选择。
https://k.autohome.com.cn/detail/view_01gbd4fafa6gtkacss64sg0000.html#pvareaid=2112108,道光誉,2022-08-26,5,空间我自己一个人绝对是够用了，反正买来也就是我一个人用的。所以我感觉空间很宽裕，尤其是后备箱那边，电池都在车底，所以没有占用后备箱空间，放一些大件也可以的。我上面说后排座椅有点直，可能后排灵活性一般，因为角度不能调。但是舒适性这块极星2还是可以的，座椅支撑很足，座椅材质摸上去很丝滑，坐着还蛮贴身的。这个还不舒服的话，那我不知道什么材质才舒服了。,5,电车提速都快的，但是极星2这个动力很稳，提速线性，所以开着没有那种一冲一冲的感觉。反正电机的动力对我来说已经OK了，超车，变线，踩下去就有，而且夏天也没有那些油车一样延迟，动力这块很棒。都说极星2的操控好，开着不像电车，确实是这样的。极星2是我开过为数不多质感像油车的电车，谁说电车就没乐趣的，乐趣这种东西还得是大厂调的才得劲。极星2的底盘很扎实，总之像在电车上找到驾驶乐趣，就选极星2就行了。,4,我觉得这个电耗我也可以接受，我一般代步下来都是17 18KWH/100km。总之电车无论怎么开，成本都是要比油车省的，反正能耗这个东西因人而异，大家有个参考就行了。,5,这个必满星的吧，多少人买这个车就是冲着颜值去的。不过颜值也确实好看，细节和质感都要比同级的车好。一眼看着就是豪华品牌，我反正当时就是被颜值吸引住的。,4,内饰我可能我感觉比普通版本的看上去豪华质感更强，但是普通版的那个环保面料我也蛮喜欢的。主要还是极星2的内饰设计比较简单，没有那种傻乎乎的大屏，看着让人比较舒心。,5,性价比也蛮高的，我觉得吧，性价比这个东西就是因人而异的。有些人想要大屏，想要智能语音的，他们就觉得极星2的屏幕智能性不高了，虽然我也不知道那些玩意能给开车提供啥帮助，但是有些人就是要。我对那些东西不感冒，我自己用下来就感觉极星2蛮好的，有驾驶质感，空间大，用料足，颜值还高。这么多优点，30多万，这样的纯电车性价比还不高么,5,家里有油车家用，代步，所以这台车就是给我自己买的，就是我自己玩，自己开。所以当时看到极星2的颜值之后就直接定了，这个颜值是真的太好看了，买它大概80%就是因为这个外观和设计。,5,性价比无非就是价格和产品对不对等，或者说划不划算。对于我这台车单电机长续航不到30万你说性价比怎么样？没有性价比我也不会选这台车，其实更多时候还是要和同价位的车型对比才有“性价比”一说。极星2无论是价格还是驾驶质感我认为在这个价位区间不说首屈一指也是数一数二的。
https://k.autohome.com.cn/detail/view_01gba3w2aq6gtkac9j70s00000.html#pvareaid=2112108,不爱你的浪子,2022-08-25,4,日常出行没有问题，储物空间中规中矩吧，左右两侧门板的储物容积很大，但车内中央区域就稍微少了一些。另外就是前面提到的后排中央鼓包影响了一定的乘坐空间，并不能说特别满意吧。这里要赞一下极星2的后备箱，采用掀背式开启，行李箱空间比一般车都要大，开口大也容易放置大件物品。内饰用料非常环保，新车也没有任何气味，这是值得点赞的。但是整体偏素的调性不一定所有人都能接受，因人而异吧。乘坐感受的话，前排没有任何问题，座椅包裹性也很好，因为定位是偏运动车型，悬架是偏硬的，在过颠簸路段时震动感会比较强，还有就是后排靠背角度较直，长时间乘坐舒适度一般。,5,双电机车型起步依然要悠着点，不然还是很容易超速的。要超车的话轻点一下电门，车的响应很快很及时，这个动力对我来说已经完全足够，驾驶起来也很有信心，指向型很精准。重心很低，高速过弯的支撑性不错，很有信心。,4,电耗目前夏天开空调在十七个左右，在可以接受的范围内。,5,肌肉感十足的车身配上选装的19寸轮毂，看上去就像一个矫健的型男，雷神之锤的日行灯集成了转向灯功能，开启时非常有精致感。无边框的后视镜应该是整车的点睛之笔，别看体形小巧，但可视面积可一点都不比传统后视镜小。,5,内饰材质用料不错，都是环保可回收的，没有气味。做工上还是偏北欧风格，走的极简风。中央大屏幕尺寸很大，内置的软件不错，整体还算不错。,5,颜值是一方面，驾驶感受挺符合我的选车预期的，不是单一的傻快而是驾驶起来有高级质感，加上续航512km完全满足我市区和短途出行需求，加上路上不多见的个性化造型，直接就相中了。,5,单从极星2的价格来看同级还有不少车可以选择，但综合品牌、做工还有最为关键的品质和驾驶质感，在同级中又很难找到能媲美的车型，所以总体来说极星2还是物有所值的。,5,极星2的性价比还是蛮高的，因为现在这个不到30万的价位买电车，要么就是Model 3要么就是小鹏P7，基本都是烂大街的车，极星2在外观和设计上还是独树一帜，起码买回去回头率很高，和别人与众不同。至于配置和智能化上就看个人需求了，我喜欢开车，所以我会觉得极星2是这个价位内操控最好，底盘和质感最好的纯电车。而那些喜欢配置和智能车机的肯定觉得极星2不行，所以这一点我多说无益，建议喜欢的老铁，都去试驾一下，感受感受。
https://k.autohome.com.cn/detail/view_01gba20q0y6gtkac9h6mv00000.html#pvareaid=2112108,幼南归逸,2022-08-25,5,空间我一家三口人用着绝对是够用了，很多人说电车的空间其实很小，因为都去装电池了。但是极星2的电池是平铺在底盘下面的，后备箱和后排都没有受到影响，空间上我来个五星。极星2坐着还是蛮舒服的，主要要归功于那个Weave Tech材质的座椅，夏天坐着很丝滑，支撑力也够，父母坐后排好像也没说空间小，不舒服啥的。虽然是溜背车，但是后排头部空间也是有保证的。,5,极星2的动力亮点其实不是加速，而且是加速平顺，在跑得快的同时又可以很稳，不像其他电动车那种加速减速很突兀。极限的操控没试过，毕竟开车安全第一，但是通过变道，有时候急打方向，包括一些弯道的时候我可以感受到，极星2的操控质感和跟随性还是不错的，以往的电车开着的感觉就是发飘，方向盘虚位大，但是极星2开着没有这种感觉，方向盘很跟手。,4,最近夏天，所以要一直开空调，电耗会高一点，基本是18~20。但是我平时脚也比较重，这个东西每个人不一样吧，有些人黄金右脚，踩个12 13也有可能。更多的就是一个参考。,5,外观我想没人会给低分吧，毕竟这个外观要是有人再说丑，那我不知道啥车好看了。总之这个外观是我最好看的电车没有之一，直接上图慢慢欣赏吧。,4,内饰设计我觉得也很极简，但是功能很简约，布局上也很干净。第一感觉蛮清爽的，没有国产车内饰的那种廉价感，其他细节上的设计也很周到，比如前挡下面的票据夹，无框后视镜，都是很有个性的设计。,5,当时看过特斯拉Model 3，小鹏P7，感觉都没有什么感觉。后来买极星2的原因一来贪图它的颜值，二来看中它是同级里唯一一个跨界车，感觉乘坐空间和空间扩展性应该比轿车高，果不其然，极星2的后排就是坐着比一般的轿车舒服。,5,其实我倒是觉得33万左右能买到极星2这样的纯电车性价比已经很高了，首先就是颜值在线，这是公认的。这应该是出门回头率最高的电车了，其次就是空间大，空间灵活性高，需要搬个家，跑个长途啥的，这个空间都是够用的，有些电车是车身尺寸数据好看但是内部空间实属不大。另外就是极星2的一些售后服务和关怀方面的，我觉得一台车不止要有售前，售后也是很重要的。极星的售后和一些关怀活动大家都是有目共睹的，所以我觉得极星2很值得买。,5,没有最好，只有更好。就这价位来讲，能买到自己喜欢的车就很难得。虽然同价位选择很多，国产的合资的比比皆是，但是选到一款颜值这么高，又有驾驶乐趣，安全性又突出的车型。
https://k.autohome.com.cn/detail/view_01g8zyn20g6gtk0chh6mt00000.html#pvareaid=2112108,VIaOKaYc151,2022-07-27,5,虽说极星2平时不坐很多人，都是我一个人开，后备箱的东西也很少，但是我还是要打个五星，如果你是想买回去家用，那完全没问题，这个空间绝对是够得，无论是后排还是后备箱，而且又是掀背的跨界车设计，这空间敢说小？,5,终于来到了我最喜欢的动力，这肯定五星啊。这个车动力别说城市里了，高速上，120公里再加速能力都是杠杠的。其实大部分玩车人从油车换到电车都有点失望的，但是我没有失望，反而有点开心。因为这个车提速是真的快！,5,我一直讲为什么没买其他电车，这么说吧，不是其他车不好，是因为车真的就是车，极星2却可以叫玩具，真正属于男人的玩具。这是我开过应该是底盘质感最好的电车了，另外转向也没有很虚，操控很好。,5,我平时脚比较重，大家看我的电耗就参考一下就行了。一般人很少像我这么开，我一般高速巡航16千瓦时左右，脚重有时候到21左右。不过极星2高性能有这样的动力还能保持这样的电耗，已经非常不错了。,4,有些人看到我上面说的，这个车这么快，操控这么好，是不是舒适上就做的不好了。其实不是的，极星2是个很全面的车。首先，座椅用的是一种Weave Tech的材质，好像是潜水服上经常用，反正防尘防水效果蛮好的。坐上去的感觉是丝滑，包裹也可以，不过也有吐槽，就是这个座椅坐久了好像支撑有点不行，有点硬。其他的都还不错，后排头部空间很高，后排的隆起也不是很高。,5,这个车其实最好看的就是外观了，当时买车的时候销售说这个车小姐姐买的多。基本都是冲着颜值去的，另外这个车标也太低调了，和车身同色，哈哈哈，总之极星2这个外观在同级车里没输过,4,可能这个东西萝卜青菜，但是极星2的内饰就是我喜欢的那种，我不喜欢满车都是大屏，也不喜欢到处都是语音助手啥的。我更喜欢自己操作，自己去参与之类的。所以极星2的内饰设计简约，是我喜欢的，中控操作也简单，很建议感兴趣的小伙伴去看看实车。,5,我是挺推荐极星2的，从价位上看能买到富有设计感和驾驶乐趣的电动车其实并不多，而且内饰环保性和家用空间性都能满足日常需求，所以想要一款有个性或者彰显自己品味的车，极星2就是一个值得推荐的选择。
https://k.autohome.com.cn/detail/view_01g8zx2s376gtk0chg70w00000.html#pvareaid=2112108,离我者羞花,2022-07-27,5,我买极星2是家用的，家里就这一台车，用下来空间上一定要给个好评，要给设计师加个鸡腿。因为很多纯电车不是把电池放在后备箱就是后排乘客下面，但是极星2是放在中间，放在底盘上的，所以不管是后备箱还是后排空间都很大。空间妥妥的。,5,在城市里，哦不是，应该在哪都够用了。基本开下来就是随踩随有，夏天也不像油车一样有延迟。这个动力我是觉得非常充沛了，要是还有人觉得不够.....嗯，行吧，建议买个火箭。,5,极星2的操控真的不错的，这点我要着重说说，这应该是我开过电车里最有驾驶乐趣和底盘质感的了，当然，是在这个价位内。反正当时买车的时候开过小鹏，开过蔚来都没有极星2开起来这种精准的感觉，底盘反馈也是不一样的，这点建议大家去开开。,5,我平时基本都是16 17左右的电耗，这个动力在城市里也不敢大踩，所以只有偶尔路上车少的时候自己嗨一把，平时还是蛮佛系的，基本上我上班四天充一次电，大家放心，这个虽然动力强，但不是什么电老虎。,4,刚刚说了，虽然极星2用的是Weave Tech的材质，好像是潜水服上经常用。平时打理起来很方便，防尘防水效果好。而且摸上去也丝滑，但是坐久了好像支撑不是很好，有点硬，跑长途要多休息，其他就还好，后排头部空间大，隆起也不高。,5,外观当然是同级无敌，其他电车都是什么呀。看完极星2再看其他电车那真的一点设计都没。关键极星2不仅是那种一眼好看的车型，而且还耐看，我看了半年了，还没看腻,4,刚买回来的时候父母说好像没有大屏，没有什么娱乐系统，我说开车呢，要那些干嘛啊。所以极星2的内饰很合我的胃口，其他人就不知道了。而且极星2还有个优点就是，由于内饰用的都是环保材料，所以新车当时买回来没啥异味，这点不错。,5,总体性价比我觉得是蛮高的，因为我买车的时候还是货比三家的，所以我觉得有发言权，而且有课参考性。从售价来说，极星2的定位还是较低的，稍微努努力就能够得着这样一台和沃尔沃同宗同源的纯电车。这是低一点，也就是从品牌的造车工艺上，极星是有很深厚的底子。从安全配置角度，极星2全系没有因为高低配而减少安全方面的配置，可以对比下看我说的对不对，也就是说对安全的重视在极星2上不分高低配。这样一台站在用户角度出发的新能源车你能说它的性价比差吗？
https://k.autohome.com.cn/detail/view_01g70qprts6gt3adsk6wwg0000.html#pvareaid=2112108,明清松狮苑yuan,2022-07-03,5,一般般，比上不足比下有余。但比较有意思的是特斯拉的model 3号称中型车对标应该是宝马3系，迈特，雅阁这类的，但是实际空间还不如我这台极星2，内部空间我觉得极星2比特斯拉要好点。家用当然还是宽敞点好，当然了能上中型或者中大型更好，同样的价格也会提高不少，整体来说极星2的空间不管是乘坐还是储物都够用！,5,毕竟是纯电车最不用担心的就是动力，哈哈，不说同行比就燃油车来说足以吊打一大部分。起步非常给力，加速很丝滑没有任何的顿挫感，非常线性直接。尤其是起步的时候很爽，当然中后段也有力气，家用么完全足够了。,5,开着极星2很爽，一直开一直爽。方向盘很轻盈开起来很舒服，还有充沛的动力提供，所以轻踩电门这台车就能给人很不错的加速感受，从底盘方面来说，极星2采用CMA架构来自沃尔沃的，调教非常高级，底盘表现出的厚重感个人十分喜欢，尤其是在对比之后感受非常深刻，还有这套底盘的支撑性非常不错，对车身的稳定性有很大的帮助，特别是高速变道的时候，这是我理解的操控。,4,可能因为电费便宜的关系，基本没怎么关注过电耗，反正怎么舒服怎么来，总不能买个车回来因为能耗当个“爷”供着吧。目前表现在17kwh/100km左右浮动，对于单电机长续航算是比较平均的一个能耗表现吧，也有车友比我跑的低的，双电机的话应该会高一些，其实能耗的参考意义不大，毕竟能被影响的因素有很多。,4,舒适性比较适中，不算是太舒服的因为极星2还有点偏操控的运动感，但是底盘调教的没话说，平衡了一部分运动感，所以论乘坐的舒适度还是可以的，底盘比较有韧性。再就是极星2的座椅还不错有支撑性不是那种软塌塌的感觉，长时间乘坐这种舒适度很明显，另外座椅和方向盘都带有座椅加热功能，舒适性也提升不少。,5,整体比较有设计感，这是我对它的第一印象。极星2的外观属于时尚大气型的，而我之前试驾的特斯拉属于超未来的，两种不同的风格外形设计，说到底还是主观因素比较多。而极星2这种具有设计感是比较让人更容易接受的，年轻化不复杂，谁又能拒绝一个阳光帅气的外形呢。,5,和外观一样采用极简主义但很有设计感，并且内饰非常环保，全车没有一处动物成分且座椅材质还是类似潜水服那种具有防水耐脏特性。关键是我这套织布的内饰竟然很有高级感并不显得俗气，这就和车内很多富有设计感有关系了，比如较为立体的中控、镂空的电子档把、发光的极星LOGO等等。,5,目前纯电动轿车市场里，极星2还是很有性价比的。首先是单电机标续进一步拉低了纯电之旅的门槛，让更多人可以感受到纯电动车的魅力，对于续航有要求的，像我这样可以选择单电机长续航，毕竟价格是在30万内，其他车型长续航的基本都超30了。而且极星2还有性能版可以选着，那些对操控有更高要求的可以选这款，关键是安全配置在极星车上不分高低配的，你说有没有性价比？
https://k.autohome.com.cn/detail/view_01g6y5t25d6gt3adhh70sg0000.html#pvareaid=2112108,直陕晃党只救42,2022-07-02,5,极星2的空间一定要给个好评，很多纯电车不是把电池放在后备箱就是放在底盘，极星2不管是后备箱还是后排空间都很大，而且后备箱下面还有一层，扩展能力很强。我觉得家用这个车都可以。,5,基本在城市里用已经够用了，比一般的电车数据要好看，响应快，我也说了极星2的优势是操控和质感方面，其他比它快的电车，驾驶乐趣未必有它好。我也一直觉得一个东西均衡才是最适合的，所以极星2的动力配合上这个底盘，我觉得刚刚好。,5,终于来到了操控，一直说的就是操控，建议喜欢极星2的都去开开看，真的和其他电车不一样。轮胎宽度245，抓地力好，前驱，稳定性高。而且19寸的轮毂整体视觉感受也非常饱满。总之开着极星2不用担心像其他电车那样难以驾驭，极星2的操控还是很跟手的。,5,我目前开下来基本都是16 17个电左右，有时候踩的猛了，会到18。不过换了电车之后就没油车这么关注能耗了。我相信这个东西也是因人而异的，相比现在的油价，肯定用电成本更低。,4,极星2的座椅用的是一种Weave Tech的材质，好像是潜水服上经常用，反正防尘防水效果蛮好的。座椅丝滑是丝滑，包裹也可以，但是坐久了好像支撑有点不行，有点硬。其他的，空间啊都还不错，另外后排的隆起也不是很高。,5,颜值，颜值，颜值，极星2这个车最棒的就是颜值了吧，这不得打满分？极简的设计，和沃尔沃一样的雷神之锤大灯。就是这个LOGO太低调了，无论买什么颜色的车，LOGO都是同色，极星，要不要这么低调啊,4,我觉得内饰设计的不浮夸，也不落伍。就是紧跟潮流的那种，有屏幕，但是又没有像现在的国产车那样铺天盖地的大屏，而且风格设计有自己的特点，这也是当时为啥买极星2的原因，有特点，有个性。,5,性价比这玩意不好讲，在意品牌肯定吃否定意见，但从一分钱一分货来说，极星2是非常不错的，从环保的理念到安全配置全系部分高低配，也就是说安全始终是极星放在第一位的，不存在应为高低配而减少安全配置，凭这点我觉得就该支持。并且还有很多性价比很不错的选择包可以选择，价格也比较实在，虽然单价看着有点高，但是里面包含的配置是真的丰富，我也选装了如果极星的车主应该一眼就能看出来是啥选装包。
https://k.autohome.com.cn/detail/view_01g6x1ejvf6gt3adhg64t00000.html#pvareaid=2112108,地球赤道附近电影,2022-07-01,5,前排空间绝对是够用的，后排空间其实也中规中矩。这里打五星是感觉是在储物空间上做了比较细致和完善，加上全景天幕的存在，车里的空间感还是被营造的不错。说到储物空间，前后都有扶手箱，门板两侧包括前机舱盖都有涉及储物空间，而后备箱是掀背的，懂得自然懂，这开口在目前电动车来说可以数一数二了吧。,5,动力比我预想的好太多了，没有那么专业的人根本开不出单电机和双电机的区别。起步会有一点迟缓感觉，但是电机好处就是扭矩爆发瞬时就来，车子只要被带动起来，加速度还是相当快的，丝毫不会觉得动力不足或者跑不过身边的燃油车。,5,操控没有话说了，打包票是目前同价位能买到的驾驶质感最棒的电动车。方向盘轻重模式三种可调，最核心的是底盘质感非常棒，虽然有些偏重运动损失了一部分舒适感，但偶尔小激情驾驶一把，就像在开卡丁车一样，平衡性、支撑性都做到位了。,4,日常就十五六个的水平，车机本身就带有空调ECO模式，所以夏天开空调对电耗的影响并不是很大，加上本身续航就长，所以不是很关心电量是高还是低，毕竟单电机版本电耗高也高不到哪里去。,4,舒适性其实喜忧参半，好的是整体设计和用料质感还是有豪华车的调调，做工也要比某热门品牌的车要精良不少，内饰用料很环保！而乘坐舒适性上，后排靠背太过于平直，长时间坐起来会稍显累一些，其他都没什么。,5,挺有个性的设计，和其他电动车比起来就高下立判了。本身自己不太喜欢随大流和圆融造型的车，极星2的线条勾勒刚好符合我的审美观，加上一些比较有特点的设计，比如无框后视镜，20寸大脚轮毂，贯穿的尾灯等等，就特别容易有回头率。,5,内饰设计我觉得不错，至少用料上有豪华感。设计方面北欧品牌还是舍得花心思的，带LOGO的换挡杆、镀铬空调出风口等等，有豪华车的档次感。,5,个人认为极星2还是很值得的，现在的电动车品牌层出不穷，想选一台称心如意适合自己的车子还真得花点功夫。极星2从售价上整体还是比较厚道的，单电机入门版20出头安全配置和高配都一样，而且单电机长续航价格也不过是在30之内，纵观其他一些品牌续航做到500多的售价基本都到了30多。所以性价比还看花多少钱买了多少配置，这是我理解的性价比。在意品牌效应的会说，都花这个钱了肯定得买个人人都知道的豪华品牌，怎么说呢，但凡品牌响亮一点的多少都有点溢价，豪华品牌舍得给这么多科技配置，恐怕还得花钱去选装吧。从家用层面来说，极星2性价比还是很高的，首先起售价并不贵，安全配置一视同仁，还能享受绿牌政策，并且是纯电动车，这对于上班族用车成本这块真的能省好多。
https://k.autohome.com.cn/detail/view_01g6vq7ma76gt3ad1q70vg0000.html#pvareaid=2112108,无梦于他14,2022-07-01,5,车内空间完全够用，很多储物小心思都有兼顾到，尤其是掀背的后备箱开口特别大，这是其他车型所不具备的优势。后排乘坐空间除了中央通道的鼓包以外，左右腿部空间都OK。,5,单电机的版本其实动力完全足够用了，虽然比试驾的首发版起步会稍微有点弱，但是起来以后的加速度还是非常给力的，没哟如恩河拖沓。基本上在路面上还是可以随心所欲的超车的，这一点完全可以给满分。,5,操控是极星2的一大优势，和其他电动车比也很难找到相比拟的对手。尤其是带一点速度的过弯道，极星2的侧向支撑会显得非常足，让人带着速度过弯也十分有信心。加上比较宽的车胎配合，整个车不会有方向飘的感觉。,4,单电机的优势突出了，目前整体在16、17左右的电耗，要知道这可是带空调状态下的成绩。还有一点值得注意的就是长续航一般真实能跑到500公里左右，和燃油车一样的续航，也不用担心续航焦虑。,4,偏向运动的车舒适性中规中矩，所以给个四星。要说哪里可以改进，就是后排座椅角度稍微直了一些，坐久会有一些不适感。但是车子本身抓地力很强，平稳度上没有任何问题，加上偏硬的避震还是性能取向的车，舒适性不是最大的考量因素。,5,外观不需要多说了，整体设计感很有肌肉感，尤其辨识度很高的大灯设计，浓浓的北欧味道，还有无框后视镜，20寸轮毂大脚，贯穿的尾灯设计等等，整体和特斯拉等一些车子会有明显的区隔，也是个性的象征。,5,内饰设计是基于燃油车的设计，但是看上去会让人觉得比较有舒适感。另外内饰采用的环保材料，这点值得点赞，就连新车时候都没有一丝刺鼻的味道，而且非常有意思的是整车看上去豪华感还是有的，加上大屏设计还是有点精致感的。,5,Polestar2的性价比还是很高的，30多万的价格拥有一台个性鲜明，外观独特动力不差的电动车。不仅可以在兼顾家用，在日常通勤遛街时也有着不错的驾驶质感，而内饰和细节方面的设计也同样给了我惊喜，不夸张的说Polestar2用合资车的预算买到了豪华车的质感。
https://k.autohome.com.cn/detail/view_01fy0rfe4p6grkjcsg68w00000.html#pvareaid=2112108,还是白云,2022-03-13,5,空间实话说不是很大，但是我们一家人用用也够了。其实空间并不是问题，主要是后排中间地台隆起有点高了，满座的话中间位置不是很舒服，其他都还OK。储物空间设计的也比较常规，别人有的我这台车上也都有，而且后备箱开口还是掀背的，打开之后非常空旷，放东西拿东西都很便捷。,5,电车最不需要考虑的就是动力，开过电车的都知道电车的动力一般来的比较快。基本是随叫随到没有丝毫延迟的现象，这也是很多油转电对电车爱不释手的原因。动力猛来的有比较直接，直观上的驾驶体验感是一般油车比不了的。,5,极星2很好上手，除了上车没有点火启动键需要习惯一下。其他的都比较适合家用的取向，首先是方向盘握着很舒服，转向力度也比较轻巧不需要吃力的转动方向盘，日常实用的时候还是很轻松的，尤其是转弯和掉头的时候一只手轻轻松松就过来了。还有一点就是底盘调教很出色，快速行车的时候底盘反馈比较沉稳，让驾驶者很有信心。,4,感觉电车的电耗都差不太多，除非是四驱的两驱的差别。像我这台车基本在18左右每百公里，也就是说一百公里大概需要不到20度的点，折合下实际费用其实寥寥无几，相比起现在打破记录的油价新高，爽歪歪啊。,4,因为车子取向是偏家用的，所以有一定的舒适性。但人无完人，车子也一样，座椅偏硬了点是为了有更好的支撑性，看怎么取舍了。关键是这台车底盘扎实啊，面对一些不好路面依然变现的很从容没有多余的回弹和不舒服，这就很不错了，日常使用足以，又不是商务接待那么可以追求舒适性，对伐?,5,能买极星2肯定是通过了这台车的颜值方面考验，毕竟也是二十好几万的车了，谁会买一个不喜欢的呢。极星2外观设计方面还是有自己个性的，车身轮廓都是显而易见的线条，很平竖直的线条构造出了极星极简主义的设计手法，开眼角的大灯以及无边框的外后视镜有代表了一种新的潮流，既时尚前卫又不同流。,5,车内总体是很有设计感的，镂空的电子档把，带有发光的极限车标还有立体感很强的中控台以及智能的多媒体系统。再者从内饰用料上，极星一直是秉承环保的设计理念，这点我是深有体会，车内从买来到现在没有一点不舒服的异味，现在只有我喜欢的淡淡的香水味。,5,个人认为吧性价比是个很玄学的东西，占主观因素比较多。如其说性价比不如说这车值不值得买来的直接，我就这么说吧，行业内大家都比较认可特斯拉，都说是这个行业的龙头。首先20多万你可以选择极星2单电机标续也可以M 3，但是试驾之后你就知道底盘的质感上差异还是有的，哪有人要说了特斯拉品牌响，那说明你在意品牌，你的需求更看重品牌，选特斯拉好了。如果看中行驶的这种高级感以及车内环保的用材用料可以选择极星2。所以说性价比也是因人而异的，每个人看中的东西和在意的点不一样，适合自己的才是最有性价比的。
https://k.autohome.com.cn/detail/view_01fxvwkwpv6grkge1r6wrg0000.html#pvareaid=2112108,DericLiu,2022-03-11,4,乘坐空间是没问题的，前排比较宽敞。调整好前排正常坐姿再到后排大概腿部还有一拳的距离，仅仅看起来不像很宽敞，但是实际坐进去还可以的，感觉后排的空间和某些品牌的中型车有得一拼，极星2车身尺寸定位是紧凑型轿车，这样的乘坐空间家用戳戳有余，商用的也不会考虑这车吧。储物空间：比较中规中矩，车内设计有很多储物盒，而且后备箱的开口是掀背式的，拿取行李或者大件物品更方便。,5,动力是考虑电车时最不需要过多在意的，低扭可以瞬间释放并且配上无极变速非常快，起步堪比跑车，这点一点不夸张，中段加速同样给力后段可能和大力马燃油车比稍差点。急加速的话电池发热比较快，也会影响加速性能的，再说了，电车跑高速耗电是最快的，我现在开上电车根本不想油车了，毕竟动力猛的油车价格太贵，而且有些变速箱顿挫感强，匹配不是很好动力体验一样不如电车,5,转向手感很轻盈，当然这是低速的时候，随着速度上来之后方向盘变得沉稳，而且它的转向半径感觉不是很大，可能因为车身的短小的原因，就算在狭窄的道路开起来也得心应手。最喜欢的就底盘的高级感，不想有的车开起来晃晃悠悠，底盘给人松散感，极星2支撑性很足，走烂路的时候也比较干脆，在舒适性和操控感之间表现的游刃有余。,5,其实电车的电耗实际没啥参考意义，因为每个人开车习惯和用车环境不一样，像电车急加速加减速同样比较耗电，跑高速的时候也会比较低速行驶费电。我自己的话油耗在18.5千瓦时每百公里，折算电费真的不算啥，这也是我选电车的原因之一，用车成本大大降低了，非常适合我这种普通老百姓，哈哈。,5,极星2汽车,5,颜值始终是在线的，毕竟我自己买车不可能买不喜欢的，极星2外观线条很直观，棱角分明的样子就是阳光帅气，适合爷们开。当然女生开这车更加帅气。前大灯钉子形的日行灯很有标示性，加上贯穿式的尾灯也符合现在的潮流，还有独特的无边框后视镜，不缺时尚元素。,5,有些细节还是比较有设计感的，像精致的旋钮，空调出风口，还有镂空的档把，通电后里面还有个极星LOGO。车机体验还不错，可以语音控制很多功能并且这个车机竟然可能购物，接口语音指令可以坐在车内语音购物，很有新鲜感。还有一点，内置的导航地图是高德的，个人比较喜欢用高德的地图。最后还得说下极星内饰采用环保材质的理念。,5,真论性价比的话应该是标续这款车，首先门槛很低配置和我这台车基本是一样的，除了电池容量这块。我是考虑到电车的官方续航和实际续航有折扣所以选择了长续版，更多的是一种从容吧，跑趟小短途还是OK的，如果是标续可能心里就开始焦虑了。不过从我了解的其他品牌的车型长续很好有30以内的，这样看来其实我这款单电机长续也是有一点性价比的哈。
https://k.autohome.com.cn/detail/view_01fsxcxsc16grk2c9p64w00000.html#pvareaid=2112108,我是文天子,2022-01-21,5,空间也是我比较纠结的点，毕竟家里买车不是考虑我一个人，做人嘛不能太自私，虽然自己出资买的车还是得考虑下家人乘坐的感受，这车后排空间不大说实话，主要体现在腿部空间，头部空间倒是挺宽敞的。主要是占了全景大天窗的便宜，坐车内通透感很好，后排两成年人乘坐完全没问题，坐满就有点影响后排舒适性了。储物空间比较中规中矩，这个级别该有的设计储物空间都有。后备箱的掀背开口是个亮点，打开非常宽敞，而且后排还可以支持比例放倒，临时当个“货拉拉”也是可以的。,5,动力其实在“最满意”这一栏也提到不少，这么说吧，如果准备考虑买电动车的你们首要不需要考虑的就是动力，嘎嘎猛。怎么形容呢？就是一般人坐习惯了燃油车不晕车，再让他试试电动车看晕车不？电车的加速感非常直接，果断，迅速。花小钱买电车享受了超跑一般的驾驶体验感，这就很划算了。,5,操控很重要一部分是动力，而动力对于电车来说就是最拿手的。我开这车台路上起步没输过谁，只是代表动力变现哈，不仅仅是起步阶段，中后段的加速能力也是甩油车几个车身，毫不夸张的说，只要舍得踩下加速踏板，剩下的就交给电机。极星2这台车还有点在操控上让我印象非常深刻，就是完整的底盘紧凑感，不太好表达那种高级的驾驶感受，对于车内的人来说，整个车子在面对坑洼路面是感觉是一个完整的整体，底盘不松散紧凑有致，没有多余的弹跳，这也是我喜欢开这台车的主要原因之一。,4,我开这台车还算佛系的，偶尔心情不爽的时候会急加速急减速多点。整体电耗比较满意，平均电耗开头也有感兴趣的可以再参考下。反正电车不管电耗再高它的用车成本也比油车省不少，这点不用怀疑。说到底，电耗不仅仅和驾驶风格有关，还有很多影响电耗的因素，所以每个人的电耗都不可能一样，大家只能借鉴性参考下好了，没什么实际意义。,4,极星2这车剧是一个均衡，前面说的很运动但舒适性做的也不错。在保留了激情且运动的驾驶风格还保证了一定的乘坐舒适性，这就得说他的底盘调教功底了。极星2这台车是采用沃尔沃CMA架构的，所以对于极星2的舒适性我可能表达不出理想的效果，但如果你坐过沃尔沃的车子参考下就知道了，而且这台车的底盘用料比同平台的沃尔沃、领克0系列的都要扎实。所以舒适性完全就是家用的取向，不上不足比下有余。,5,说外观就有点主观臆断了，毕竟我既然选择这台车肯定是接受这种极简的设计风格的。极星2这车给人感觉就是阳光型大男孩的印象整体设计大气简约，车身线条分层次分明，有点肌肉感，这就是我想要的，虽然一心想把自己打造成肌肉型男但还是堕落了，所以看到极星2这种比较Man一点设计，我是拒绝不了的。,5,内饰某个豪华品牌电动车好多了，而且极星2的内饰用料非常厚道也很有考究。据官方消息，极星2车内没有半点动物成为，整体内饰的用料采用环保无公害的材质，连车内的木头都是回收的可再生资源。而且车内有很多比较有设计感的点，整个立体感非常强的中控台我就很喜欢，搭配点点高级的白色氛围灯光，点缀的恰到好处，还有镂空造型的电子档把带有发光极星LOGO，车顶的全景天窗也有类似的小惊喜，非常棒。,5,我认为的性价比一定是针对个人的，有些人认为贵得东西就一定好，也有一部分人认为好的东西不一定卖的贵。这就好比我买这台车的时候同事问我怎么不买特斯拉一样，还有的说我这长续航价格可以买奥迪A4L了，显然他们的性价比更多是考虑品牌，考虑到花了钱要赚回一点面子。对我这种佛系开车的人很简单，车子很喜欢，加上绿牌长续航纯电车，不到30万驾驶辅助的功能也比较丰富了，这就是我认为的性价比。
https://k.autohome.com.cn/detail/view_01fsnktmp46grk0dhk6ww00000.html#pvareaid=2112108,如接枫如泣,2022-01-18,5,先说乘坐空间，试驾的时候就关注过这车空间了，实际乘坐其实很OK的，不是很宽敞但足够乘坐。而且这车基本不走长途的所以后排都是短途的乘坐，舒适性是没问题的，除了前面说到的坐垫有点硬，腿部和头部空间完全没问题的。其次就是储物空间，门板中控台这些地方都有设计储物空间，尤其是中控两边，还特地做了小面积的掏空，简直就是为手机量身定制的。水杯架的设计有点让人摸不着头脑，有一个是在扶手箱里这就比较尴尬了。后备箱空间挺大的，主要是开口大，掀背造型就这点好处，后备箱上方还带有隔板，方便行李更好的摆放和规整。,5,纯电动车最不用考虑的就是动力，但凡开过电动车的都不会对电动车的动力挑刺。我要不是开上这台车估计这辈子想体验超跑是没戏的，极星2的加速非常给力，甚至刚开始不熟悉车根本不敢大脚地板电门，起步太快了而且坐车内的人也容易晕车。因为电车的低扭瞬间就可以到达，非常的线性，这跟燃油车是本质上的区别，所以电动的动力是毋庸置疑的，喜欢这种超跑一般的快感，买就完事了。,5,操控挺爽，前面有说到动力很直接，操控当然也离不开动力，除了动力，我这台车的底盘调教绝对很有水平，后来才知道是出自沃尔沃CMA架构的，这就难怪了。高速行驶车身非常的稳健，跟底盘都是电池重心比较低也有原因，方向盘的手感很轻，这跟虚还是有区别的，极星2低速转向非常轻松随着速度的提高手感变得更沉稳，而且过弯时的支撑性也很不错，给人十足的信心。,4,开上电车本来省了很大一笔费用，所以不怎么关注电耗。除非和车友在一起讨论会分享下各自的电耗情况，我这是单电机长续的加上开车的风格属于毛躁那种所以电耗稍微高点，实际上开车温柔点还会降不少的。其实能耗跟很多因素有关，这个需要因人而异，不能以偏概全。,4,整体舒适性很不错，我觉得这极星的舒适性主要是体现在底盘调教的功底上，因为这台车的座椅是偏硬的，可能和采用的材质有关系。极星座椅号称是用了类似潜水服的材质，透气防水，凡事难求两全其美。不过，不差钱的主可以选装真皮内饰，那种材质的座椅应该更舒适点。这车隔音还不错，加上哈曼的音响给车内营造了一种比较静谧的空间，这点也提升了坐在车内的舒适性。,5,萝卜青菜各有所爱，外观就是各花入各眼，喜欢的人特别喜欢。极星整体采用极简的设计手法，车身线条平直刚硬，见棱见角。钉子形日行灯，开眼角的前大灯，无边框外后视镜，贯穿式的尾灯这些代表了潮流的设计元素，就像父辈说的，这车年轻人开着洋气，哈哈。,5,在纯电动车这个领域里，极星2的内饰还是很出众的，从用料上就很讲究了，全车没有半点动物成分，座椅的材质都是环保耐脏的。从设计上比如：精致的旋钮带有发光LOGO，炭黑的空调出风口，带智能语音功能的车机，实际体验十分流畅，而且支持在线OTA，只要极星更新了车机系统我这台车就可以享受最新的多媒体功能。,5,所谓的性价比无外乎就是价格方面的优势呗，简单点说东西好卖的还便宜这就叫性价比。同样的30内我能买到是长续航版本换做其他品牌也就是个标续，再者极星2的电池材料都是三元锂电池低温性能更为稳定，成本也比磷酸铁电池高，至于驾驶辅助方面的功能极星2并不输业内翘楚，这些就够了。
https://k.autohome.com.cn/detail/view_01fsbsrrsp6gr3je9s6rr00000.html#pvareaid=2112108,憨匪近匪,2022-01-14,5,车内乘坐空间，不管是自己开还是家用都非常够得。后备箱开口很大，车内还有很多小的储物槽，非常人性化。后排腿部空间宽敞，中央隆起也没有像汽油车那样夸张。最重要的是全景天幕非常通透，坐在后排也不会有压抑感。并且后排还可直接通向后备箱的设计，在放置一些长的物品和放取物件时非常方便。,5,电车，大家都知道其特点就是响应快，扭矩释放迅速。而这台Polestar2的表现也让我非常满意。电门踩下之后车子没有任何拖沓，并且推背感也表现得非常持久。平时出去兜风超路上90%的车都没有压力。和朋友的那些燃油小钢炮相比也不落下风，电车在初段动力响应这点，燃油车真的只能看我们尾灯。,5,"20存的轮毂不仅视觉感受上非常饱满，245的胎宽也给车辆带来了极好的抓地力。配合上前麦佛逊和后多连杆的独立悬架，在过弯和并线的时候都能感觉到车身良好的支撑性和车尾更随性。比起那些原厂只有17寸，18寸215,225胎宽的车，Polestar2不仅在弯中更加稳定，让我在驾驶时也多添了一份信心。",4,换了电车对于这方面的关注就不像油车那么敏感了，使用成本肯定是比油车便宜的。而这类都是因人而异的因素，以这台车来说单电机的肯定比双电机的省两驱肯定比四驱更省。而每个人的驾驶习惯和用车习惯都不同，包括环境和人为，这些都是影响电耗的因素。,4,座椅虽说填充物有点硬，但是包裹性和支撑性足够。在过弯和并线的时候感觉坐在车内没有太多的摇晃，整个人也被座椅牢牢的包裹住。但是如果是长期佛系驾驶和长途乘坐就显得有点偏硬了。但是后排空间和避震的过滤，整车的乘坐舒适性可以完全适合家用，这一点给个好评。,5,开头讲到，Polestar2在路上的辨识度非常高，是那种一眼就可以在车群中辨认出来的车型。整车在设计上北欧风格也非常浓郁，线条饱满给人一种很有力量的感觉。此外，像无框后视镜，封闭式中网这些都是非常独特的设计，在颜值这块感觉还是非常在线的。,5,个人觉得其内饰设计还是比较前卫，不仅用料上使用了很多的环保材料。档把和中控屏的设计也非常有个性。整车营造了一种非常豪华的气氛，同时，通电之后还有个发光的极星LOGO。配合大尺寸的多媒体屏幕这些都显得整车仪式感十足。而且内置语音控制系统，可以口令操控音乐，导航以及空调等使用起来非常方便。,5,按这个价格这个配置来说，这款车还是比较有实力的。选择确实有很多，但是要兼备颜值还有设计感的车看来看去到只有极星2符合我的要求。考虑到这车的能耗、配置还有性能等方面的表现，给个五星好评不过分。
https://k.autohome.com.cn/detail/view_01fr02nxzb6gr3ec1k6rs00000.html#pvareaid=2112108,未遂劳玩笑,2021-12-28,5,我一个人代步空间表现过剩，一大家人出行的话行李可能没地放，但这种情况可以忽略我是不可能开这车带大一大家子出游的，一般家用么，这样的空间算中等的，从乘坐空间到储物空间不算拥挤也谈不上富裕。只能说刚刚好。,5,电动车动力都差不多吧，开过燃油车再开电车有点开上超跑的感觉。起步是真的太猛了，电车可能在踩加速踏板时会有所保留，不像燃油车超车的时候油门干到底，这种区别挺大。而且它的动力直接表现在车轮以及加速感受上，来的干脆直接了当，丝毫不拖沓。,5,操控一般般吧，就是加速快，开起来比较爽的。具体的转向精准感我也试不出来，方向盘真皮的，全系标配手感很好，而且转弯掉头方向盘的力度很轻，女生开起来也比较轻松。底盘前面也提到过，调教的很整，用时髦的话讲叫作有高级感，对路面反馈清晰，就是驾驶员只能通过触感知道自己走在什么路面上，悬架回弹干脆，坑洼不平路面嘎嘣一声脆就没了。,4,用油车那套说法就是百公里耗电量多少，以我的驾驶习惯现在百公里大概耗电在17度左右，属于比较正常的驾驶习惯，暴力长期高速行驶应该耗电量会上升一些的。但如果拿起又和电的单价比，那肯定还是电车省钱。,4,舒适性一般吧，这车整个感觉是运动的调教，底盘悬架都比较高级，过减速带也就颠一下完事，和日系那种弹弹弹的感觉是完全不一样的，所以舒适性和日系比略逊一等，不过这车隔音还可以，高速胎噪比较大。,5,外形设计是我喜欢的风格，这点开篇就讲到了。虽然说为人处世方面都说要圆滑点好，但真性情的我就是接受不了那种圆润的设计，相反，极星2外形就是有棱有角的模样，难道这样看起来不更爷们一点吗？,5,如果选装纳帕真皮加重构木内饰会更高级豪华吧，不过我这织布的内饰也不掉档次，因为车内很多细节都比较有设计感。不说可能大家不知道，这车内饰是很环保的，材质都是防污耐脏的，从配色上也能看出来。要说内饰最喜欢的就是中控台和透明车顶的设计了，这是内饰最吸引我的地方。,5,同价位的车，这台车无论是配置、动力，还是颜值，都可以说是一线的水准。虽然有些地方还有提升的空间，比如续航，但是瑕不掩瑜，这台车整体的性价比还是非常靠谱的，而且这几个月用车，感觉这台车的质量也比较有保障，给个好评不过分。
https://k.autohome.com.cn/detail/view_01fqjhvdj16gr3adsp6gr00000.html#pvareaid=2112108,男_中海,2021-12-23,5,空间方面看个人怎么用了，一般家用肯定是没问题的，但你要是拿这车当保姆车显然不合适。毕竟是个紧凑型的家轿，从这个角度说空间是OK的。从储物空间到乘坐空间在这个级别算中规中矩的，门板中控都有放小件的地方。本人身高178接近130斤前排调整正常坐姿，后排腿部有一拳距离，所以后排坐两个我是妥妥的。,5,跟电动车谈动力那就对了了，其实也不光是我这台车，其他电车也是一样，动力来的直接干脆，起步毫不犹豫只要敢踩满满的都是推背感，如果你第一次坐电车可能会出现头晕的情况，这可不是乱说的，我朋友第一次坐这车给他感受加速能力的时候他就说有点晕车，哈哈。因为电车扭矩来的快加上单速变速箱的丝滑，所以不管是起步还是中途超车动力都是源源不断那种。,5,真要说操控我也不是很懂，就说说自己开这台车的感受吧，真皮方向盘握感很好。指向性和燃油车感觉区别不大，但是如果走快速路车道保持功能会在你没打转向灯的情况下修正你的方向这点还是要注意下，免得吓着自己了。其他的方面就是动力了，加速很顺畅没有半点拖泥带水的感觉，推背感也很足。,4,我开车还算是篇想暴力驾驶这种，但不是超速行驶哈，一般起步啥的我可能大脚电门，遇到一些一边玩手机一边龟速行驶的人我可能毫不犹豫超过去，这种情况下表现能耗接近19kwh每百公里的样子，其实电车和燃油车还是有类似的地方，温柔驾驶能耗低暴力驾驶能耗会上升一些，不一样的是燃油车高速可能省油点，电车高速比城市道路其实是要费电一些的。,4,舒适性一般般，我觉得。我这台车花了900块钱升级了20寸的大脚，当时是觉得挺划算的，而且20寸的大脚气场也提升不少，但是不好的就是牺牲了一点点舒适性，加上本身这台车的调教是运动的，所以舒适性有点折扣不过也没到不能接受那种，家用么还是正常的。座椅比较舒服，支撑性包裹性都不错。我还选装了座椅加热功能，这也算弥补了一点大尺寸运动轮毂牺牲的舒适性。,5,整体设计属于简约大气类型，这台车第一眼看到它的时候并不觉得是个紧凑型的轿车，反而没有那种小家子气，整个车身线条比较硬朗，配上类似雷神之锤的前大灯整个给我感觉是比较阳光大男孩的的，这真是我喜欢的原因之一。,5,极星2的内饰是号称前卫大师设计的，斯堪的纳维亚风格。这套内饰据说还获得了不少荣誉呢就是因为环保，整个车内用料没有动物制品成分。采用更多的水基。防污、防潮的材质，是设计师从运动服和潜水衣获得灵感。所以不管是去试驾还是现在，车内除了我自己买的香氛闻不到其他味道。并且镂空的档把和具有3D效果的中控台很有设计感，没选真皮内饰所以我车内都是这种织布材质的，同样简约大气。,,
https://k.autohome.com.cn/detail/view_01fqh0fhsp6gr3adhr60rg0000.html#pvareaid=2112108,菁识菁跳房子,2021-12-22,5,刚开始选这车的时候是有考虑过空间方面的，毕竟是个紧凑型轿车多少让人印象中就是空间不大的感觉，实际试乘试驾感受过之后觉得还可以，这种小惊喜更坚定了内心的这份对北欧的向往。储物空间中规中矩，别的车有的我这台也有，乘坐空间满座也是可以的，长途满座可能会不舒服，但考虑到电车跑长途的场景不多倒也无所谓了，反正家用嘛足够了。,5,纯电动车驾驶就一个感觉：暴力，甚至刚开始买回来那段时间对加速踏板控制的格外小心，生怕驾驭不了，现在习惯了倒也无所谓了。有一点还是奉劝各位千万不要觉得买电车这动力就无敌了，在马路撒开了跑这显然是不对的也很危险。可以说我对电车还是心存敬畏之心的，动力猛是底气但速度快就容易引发交通事故。,5,本身这车就是主打运动型的，操控这块没得挑剔。这车已经开了接近半年时间再也不想碰燃油车了。动力前面提到过了，这点燃油车是没法比的，车子方向盘转向手感高速沉低速轻开起来很舒服。底盘调节很扎实，对于路面震动的反馈很细腻，这点喜欢操控的人会非常喜欢，而我实际是更多偏向一点舒适性的，不过开起来是挺爽的，车辆有足够的支撑性偶尔激情驾驶放纵一下也是信心满满。,4,在车友群里我的电耗算比较低的，一般的在17、18比较多。电车的电耗其实还是和驾驶风格，驾驶路况有很大关系的，像我这种佛系驾驶上下班通勤居多这样的电耗很正常。如果暴力一点或者经常跑快速路的电耗肯定是要上去不少的，高速行驶对于电车其实费电的，不像油车高速相对会省一点。,4,座椅坐着蛮舒服的，主要是造型比较符合大众的形体，对臀部腰部的包裹性很好。燃油就是底盘的扎实感给人一种很舒服的感觉，其实一台车舒适性和车辆的调教有很大的关系，机械机构的功底就体现在舒适性和操控性上，这台客观说算是比较均衡的。主观点说其实偏向驾驶操控这一方面的，整体还是蛮OK的，家用有一点的舒适感，开起来也很有参与感。,5,外观层面更多的还是看个人喜好问题，有些人喜欢四平八稳的设计风格，也有些人喜欢比较圆滑的设计理念。极星2的极简风格和环保的用料是我比较看重的，外观简约大气，车身棱角分明也很有辨识度，要说点睛之处还是开眼角的大灯搭配经典造型的日行灯以及代表这个时代潮流的贯穿式尾灯。,5,两个字：环保，足以概括这台车的内饰设计理念。很多材质我还是第一次听：水基材料、潜水服材质并且整个车内没有动物制品成分，这也是环保的另一个层面。关键是车内的看似织布的内饰真的很耐脏，而且和真皮不同，冬天即使不开座椅加热感觉也不是很冷（真皮的内饰主要还是穷）。不想别的车织布内饰给人感觉有点廉价感觉，这台车好在车内比较有设计感，空调出风口旋钮的高级的阻尼反馈，镂空的电子档把带有发光车标，悬浮的中控台又很有立体感，即便材质是织布的，但车内依然满满的高级感。,5,喜欢对于我来说就是最好的性价比。买车要看自己最在意的是什么，无伤大雅的又是什么，但想要鱼和熊掌得兼显然是不现实的。在我看来极星2符合这个价位的各方面表现，甚至底盘感受超越了我的期待。买车，7分满意就可以下手了，8分满意有压力，9分满意钱不够，10分满意买不起，所以性价比是取决于钱包的大小，30万左右我只选极星2。显示的
https://k.autohome.com.cn/detail/view_01fqee2z0q6gr3ad1j70sg0000.html#pvareaid=2112108,我爱孙雷娟,2021-12-21,5,个人用车其实没多考虑空间方面，毕竟是紧凑型轿车。但如果说家用的话我觉得也足够了，至少后排没有想象的那么不堪，后排坐两成年人还是宽裕的。储物空间方面基本OK的，除了前面讲的 杯架设计不合理其他也没什么。哦，对了，这车是掀背造型，后备箱开口比常规的车型要大很多，尤其是一些不好拿放的物品，这就方便了很多。,5,纯电动车的动力是不用怀疑的，如果你开习惯了燃油车估计开这车得晕车，毫不夸张的说电车的加速堪比跑车，扭矩来的快且猛，直观的加速感受非常强烈。尤其是极星2主打家用运动型轿车，这点深有体会。一般的燃油车在它面前还真比不了。,5,电车相对来说操控比较简单，这点和传统的燃油车有很大区别。首先我这台车上车是没有启动按钮的，省去了点火这一步骤，直接踩刹车挂档就可以开走。我理解的操控在这台车上更多的是表现在加速能力这块以及快速过弯时座椅对身体的支撑性比较到位，而且偏硬的悬架对车身姿态控制的不错。,4,正常佛系驾驶能耗在15个左右每百公里千瓦时，如果一直比较有激情的那汇总驾驶风格在一开始提车的时候也跑过一段时间，能耗稍微高点在19kwh/100km。而且电车和油耗有个区别，一般高速行驶时燃油车是最经济的但对于电车来说高速就相当激情驾驶模式能耗会偏高。,4,这车底盘的高级感是很强的，前后独立悬架，前麦弗逊后多连杆对车身支撑到位，所以高速过弯时车身侧倾较小，相反，比较硬朗的调教在一些路况不好的环境下车子很有点颠，这点其实是有点影响舒适性的。再者，我选装了20寸轮毂这点对舒适性会有点折扣，整体来说还是能接受的程度。,5,颜值这个层面占主观因素比较多，喜欢它主要是气质相符，物以类聚人以群分嘛，总之我和这车有点趣味相投的意思，喜欢这种凌厉的车身线条，本人经常开着极星出没在健身房场所，贼应景！,5,内饰方面比较有设计感，副驾中控台立体感很强。全景的天幕很现代也很前卫，镂空的换挡杠很有设计感，加上内饰诸多材质均为环保用料，足矣！,5,基础版 即所谓的丐版 我觉得性价比最高 省掉的那些选装包配置 其实真刚需的没几个
https://k.autohome.com.cn/detail/view_01fpw24qns6gr36d1r68s00000.html#pvareaid=2112108,万物唯我S气,2021-12-14,4,空间只是能说将将够用吧，如果是两个人用车，那我可以给到五颗星，如果是三口之家，那只有四颗星的水平，毕竟娃和妈都得后排，后排的空间就没有任何优势了。好在有一个全景天幕在，坐着还算比较通透。储物空间的话还算可以的，前后排都有扶手箱，门板两侧也有比较深的储物槽，放一点随身物品没什么问题。唯一比较其他的事竟然前排扶手箱里设置了杯架，这个占用了一些空间，其他都还好吧。后备箱电动掀背的开口很大，放取东西方便。,5,单电机的动力没有想象的那么弱，起步给我的感觉还是老快了。可能起步会觉得电门是优点厚重感觉，毕竟试驾的是双电机，买的是单电机，哈哈哈！但是不得不说后劲十足，只要动起来后面提速还是很快的。,5,很不错的，别的咱也不懂就是指向性很准，方向盘也很轻盈，有三种模式可以选择，最主要底盘我觉得很稳重，估计是电池在下面的原因，有时候开得快一点转弯车子很听话很贴合，有点人车合一的感觉。,4,买单电机版还是有点惊喜的，正常是市区开在15-16的水平，即使暴力驾驶也不会超过20，所以说对节能续航的帮助真的很大啊，能保持这么低的电耗还有这么好的操控，不容易。,4,舒适性有好有不好，好的当然是整个内饰设计虽然很简单但还是有豪华品牌的味道，包裹做工细节都是OK的，座椅等等内饰都是用潜水衣材质制作而成，容易打理是个优点。另外选装的哈曼卡顿音响音质还不错的，唯一不舒适的就是后背靠背过于笔直，这点希望能稍微优化下。,5,外观绝对属于颜值一线了，路上虽然看到不多，但是看到的人都觉得这车是有档次感的。无论是前面车头还是侧面流线或者车尾设计，都是比较彰显力量感的。虽然是溜背造型，但是线条还是显的刚硬，还选了900元升级20寸轮毂，搭配起来就更有点型男味道了。,5,内饰的豪华质感自认为还可以，有很多地方都是花了小心思设计的。带LOGO的换挡杆还有镀铬空调出风口等等，有点豪华车的内味。另外座椅的材料之前说过是环保的，打理起来还可以，虽然没有真皮，但是我觉得搭配起来还是挺好看的。,5,极星2汽车
https://k.autohome.com.cn/detail/view_01fpvd7n2m6gr36csp6crg0000.html#pvareaid=2112108,ONa0vYdF,2021-12-14,5,首先是车内的乘坐空间，作为紧凑型轿车来说，车内空间比较常规，储物的地方有设计很多小凹槽。乘坐方面，中等身材的家庭满座是OK的，长时间乘坐可能会有点不舒服，但这种情况对我来说比较少。后排腿部空间不是很宽敞，两个成年人是完全没问题的，加上全景天幕的通透感，即便后排满座也不至于压抑。后备箱的溜背设计算是很实用的，开口比较大拿取大件物品的时候更方便一些，并且我这选装包里有对后备箱规整的隔板，蛮实用的。,5,开过电车的朋友都知道电车的动力来的猛，不然燃油车会有迟滞或者拖沓的情况，我这台极星2毫不夸张的说只要敢踩，车子就像上了炫的箭，起步的瞬间你是牢牢摁在靠背上的，如果副驾有女生是可以来一脚满电门的，那一刻的安全感都在你身上。电车的动力是毫无疑问的畅快，这点燃油车根本没法比。,5,245/40 R20的马牌轮胎综合性能比较均衡，配上电车强大的动力在起步的时候即使我是单电机版本也是稳的一批！前麦弗逊后多连杆的独立悬架给车子更高的一些极限操控，比如高速过弯时提供很好的车身稳定性。换做之前开的那台扭力梁悬架的车急转弯根本不敢踩着速度跑只能减速。这车方向盘的指向性我觉得和我之前看过的燃油车没啥质地变化，属于中规中矩那种，挺好开的，低速轻盈高速沉稳。,4,能耗这块最重要的还是续航，这块说实话算是个软肋，毕竟冬天还是有影响的。电耗这块的话，二十个以内收的住，日常用车还行，平常堵车也不会飙的太夸张，养车还是比较省的。,4,先说座椅，前面也有提过。座椅的包裹性和支撑性很足填充物略微偏硬，从驾驶者的角度我是喜欢的，但得考虑到一定的家用属性所以填充物换成更软的材质可能更好。再就是底盘方面，整体给人是非常整的，挺紧凑的，调教方面也是更倾向于驾驶，稍微调软性可能更好的兼顾了家用。所以给4分，整体还算不错考虑在家用层面可以有进步的空间。,5,极星2外形采用横平竖直的线条，给人一种阳刚帅气的形象。车头采用经典雷神之锤造型，豪气还是有那么一些的。侧面车身腰线硬朗，从车头直接过渡到车尾，显得极星2侧面很修长。并且贯穿式的尾灯在现在看来也是顺应时代的潮流，夜间点亮的效果很赞！,5,用料方面车内的均是环保材质，这点我个人是非常看重的，我想对于有小孩的家庭环保健康的座舱环境是十分有必要的。车内做工这块，织布与钢琴烤漆材质以及镀铬装饰件的运用，给座舱营造年轻时尚的氛围。造型设计精美的档把，尤其是镂空的档把，通电之后还有个发光的极星LOGO。大尺寸的多媒体屏幕UI界面设计比较人性化，操作起来没有那么复杂。内置语音控制系统，可以口令操控音乐，导航以及空调等。,,
https://k.autohome.com.cn/detail/view_01g9p09xpe6gtk2d9h60tg0000.html#pvareaid=2112108,唐山车友3442939,2022-08-05,5,没怎么担心这车的空间，因为我买车的时候不太关注空间这块，但是呢，和朋友model 3坐起来感觉差不多，空间感还是不错的，特别是全景的大天幕坐后排一点也不压抑。然后是储物空间，除了车内常规的储物空间，还有前备箱和后备箱，因为是掀背的造型，后备箱空间超级大，所以空间这块我是很满意的。极星2这车整体还是很舒服的，开起来舒服坐起来也很舒服，就是座椅的支撑性强了点，所以就会感觉到座椅有点硬，但这并不影响整体的舒适性，因为它有一个调教的非常聪明的底盘悬架。,5,纯电起步有点暴力，全力踩下去轮胎有点轻微打滑，因为是单电机的动力一下来的太猛了，但不建议这样开，平时超车加速基本可以秒掉路上8成左右的车辆。方向盘握着舒服，转向的手感也比朋友的特斯拉轻松。加速非常线性而且底盘紧凑感很好，有一种厚重感，这点在试驾过很多车型中都没有的感受，另外就是高速变道的时候车身稳定性非常好，感觉这底盘的支撑性非常有韧劲。,5,目前接近1万公里的行驶里程，平均能耗在16kwh/100km属于一个比较能接受的范围，因为电费的便宜的原因平时也没太在意能耗这块。,4,颜值方面我是欣赏这台车的，都说北欧是极简主义的设计风格，但我觉得极星2的外观是属于比较耐看的那一款，车身比较有线条感就像长期待在健身房练出来的一样，整体形象非常阳光、开朗，而这真是我想要的样子。,5,内饰和外观一样的有设计感，很多细节方面能感受到设计师的用心之处，比如：精致的旋钮，空调出风口，尤其是镂空的档把，通电后里面还有个极星LOGO。座椅材质也很有考究，暴晒之后车内没啥特别的异味这点非常的环保，而且不是我一个人觉得极星2的这套织布内饰不仅没有拉低档次感反而车内显得很高级，从这点就可以看出极星设计功底的深厚。,5,性价比就是买这车值不值？从这点出发的话我觉得首先得看价位了，在30万左右我认为这台车是非常划算得，基础的配置丰富程度完全媲美国产车，而且极星是安全著称的，少有的中间气囊对车内人员保护的更好，对我来说最关键的还是底盘调教的好，开起来很舒服。如果说特斯拉是有钱人的大玩具，那极星2真的是家用的贤内助了。,5,看着舒服开起来享受光这两点就足以让我买单了。像极星2这种比较有设计感的外观在未来的两三年内也不会落伍！最关键的，极星2和沃尔沃有技术协同优势，这点在底盘就体现了出来，CMA架构的产品真不错。,5,看极星2的配置和价格就知道什么是性价比了，花钱买的值当在我看来就是具有性价比的。关键是你花钱了买到的是不是你喜欢的或者说你喜欢的东西所占比例又是多少。极星2的入门价格是非常低门槛的，也是很容易入手一台纯电动车的价格，而它的基础配置是非常丰富的，并且这些都是现在市面主流的实用性的配置。
https://k.autohome.com.cn/detail/view_01g93zzmdm6gtk0d9g6gwg0000.html#pvareaid=2112108,想换工作滔,2022-07-29,5,整体较为满意，符合家用需求。车内的储物空间我觉得够用但比上不足比下有余，和常规的一些车内储物设计少了一些储物盒，但是对于我够用，而且前备箱和后备箱足够我带东西了，而且后备箱开口很大，储物能力也比较客观。乘坐方面本身够用，买这车的时候就没抱有太大的期望在这方面，毕竟是紧凑型车型尺寸摆着。,5,很直接，电车的丝滑体验感是油车比不了的，而且瞬时扭矩来的很快给人一种源源不断的动力储备。可以这么说吧，马路上能秒八九十的燃油车不在话下，而且速度起来了再加速能力也很给力。买纯电动车最不担心的就是动力。,5,个人觉得目前没有哪款纯电车有极星2这样的表现，不光是方向盘的手感很轻盈转向力度也比较小好驾驭而且底盘的高级感是同级别同价位都没有的。车子本身的支撑性和韧性都很不错，尤其是快速劈弯时整台车给我的信心，我太喜欢开这台车了。,4,目前的使用下来算是比较平均的水平，电车的能耗和油车有着相似之处，急加速加减速对于能耗都不太友好，尤其是长时间高速行驶能耗会升高，这也是和油车最大的不同。但是话说回来，电费便宜啊谁还在电车的能耗呢。,4,舒适性很好，首先时车子的隔音效果不错车厢内部很有静谧感时速100往上才有风噪和胎噪的传进。另外座椅的包裹性和支撑线都很Ok，长途行驶也没有那么累，标配了很多的调节功能。再就是前面提到的底盘悬架的韧性让这台车开起来之后非常有韧性，不至于细碎的颠簸都传到座位上，不能说和百八十万的车型比舒适性至少我觉得这样的价位能有这样的表现已经很不错了。,5,我喜欢这种棱角分明的外形设计！说到外观其实占据主观因素比较多，谁买车不是为了满足自己审美需要？再说了千人千面，极星2的外形设计我觉得时很有设计感的，尤其是侧面看上去车身的线条感很美，就像是健身房练过的美女一样，身材别致，线条明显。,5,车内有很多细节设计的让我很惊喜，往往细节之处才能看出一台车的做工和用料，而内饰是最容易看出这点的。极星2对用料方面很有讲究的，虽然是织布的材质，但也是高规格的材料具有防污耐脏的属性，并且没有味道非常的环保，这点难能可贵。,5,外观设计层面，极星2是一台很独特的车，彰显出强烈的北欧极简风格。驾驶体验层面，它也是一台开起来很有趣的车，符合男人心中“大玩具”的标准。家庭需求层面，它更是能够满足一家人需求的环保出行之选。如果要给这款车打个分，我认为是95分。它带来的体验虽不完美，但已经很值了。
https://k.autohome.com.cn/detail/view_01fm96fsrp6cwkadhq68t00000.html#pvareaid=2112108,大成1005,2021-11-12,4,空间一家3口 4口日常使用没问题 长途应该会不太友好,5,动力几乎和2.0T高功率发动机差不多吧 加速主管感受应该要好于传统燃油车 在路上崩个50万以内的车 问题不太大的,5,操控觉得是整个车的亮点 不然买它干嘛呢？,5,只要不暴力驾驶 平均电耗在15KWH-18KWH之间 电耗和太多因素有关 负重，驾驶习惯，是否开空调，平均速度,5,舒适性还可以的 市区正常道路和高架道路 车子的避震开起来还比较舒服,5,外观见仁见智 我很喜欢 所以买了 你不喜欢 跟你说再多你也不会买,5,内饰做工 至少甩T 2-3条街吧 至少对的起20多万的售价,5,坦白说，在刚开始选车的时候，看过不少车，也找过懂车的朋友一起参谋，综合比较下来选了这款极星2。实际使用下来，证实极星2是一款开过一次，就让人欲罢不能的车。“欲罢不能”不仅指它带来的速度与激情，更是车内每一处精心设计的小细节。虽然有些不尽如人意的地方，但极星2带给我的乐享其中的感觉是无法掩盖的，无论多少钱都买不来。
https://k.autohome.com.cn/detail/view_01gp327yqc6gvkec1h74t00000.html#pvareaid=2112108,莫洛拖夫,2023-01-06,3,极星2汽车,5,电门刹车控制精确到1公里的速度，对速度拥有完全的掌控。加速和动能回收的体感太舒服了，电门初段虽快不窜，后段发力，日常跟车会很舒服，超车又随踩随有。动能回收不突兀，像个老司机慢慢刹停在停止线，不点头。,5,极星2汽车,3,续航电耗说真的有点离谱，双电机电耗20往上。续航冬天高速7.X折，平常8.X折。但家里有充电桩，长途有油车，不是大问题。,5,极星2汽车,5,之前已经对各种封闭格栅、轿跑溜背、眯眯眼大灯、隐藏式门把手、真皮大沙发、大屏以及充斥的过度设计整得审美疲劳。第一次进店看到极星2，仿佛一股清流。追求原创度，追求细节，全车设计语言极其统一，毫无缝合怪之感。,5,进到车里仿佛是一家高级家居店，清新不浮夸，细节精致讲究。克制是最高级的美感，极星设计师是懂的。上了高性能套件就有点西装暴徒的意思了，克制的底色下，撞色的金黄色卡钳和安全带就像西装下的骚气领带袜子那样亮眼。,4,目前是首发版40几万的售价确实让人会有顾虑，赶上优惠也需要33.8万，不过现在这个活动已经结束如果试驾过对极星2还是比较感兴趣的朋友可以期待一下单电机版本的。
https://k.autohome.com.cn/detail/view_01gny57s226gvkcdsr6rwg0000.html#pvareaid=2112108,歌起亮,2023-01-04,3,极星2汽车,5,极星2汽车,3,极星2汽车,5,买的是不常见的香槟色，当初心头好其实是白色，想想它不耐脏，现在看它在一众黑白车中非常显眼，喜欢。,5,车载导航正对方向盘，非常舒适。车内无异味，比较环保。,5,我本人还是很推荐购买的，销售服务态度好！,2,说实话，自动驾驶这块我还是比较期待的，实际它还达不到我的要求。,5,我一般都是以城市驾驶为主，从个人目前情况看，我自己对续航的要求不算特别高，当然不是说这点不重要，而是极星的续航完全可以满足当前的续航需求，应该也可以满足绝大多数人的驾驶习惯。除了续航之外，操控感、外形颜值、细节处理都很重要，即便特斯拉Model 3更便宜点，但我本身买车预算就在30-40万，为什么不选性价比更高的极星2呢。
https://k.autohome.com.cn/detail/view_01g3bzhejd6gskacsq6wt00000.html#pvareaid=2112108,nauyop,2022-05-19,4,总体空间上还是符合这个定位的，紧凑型轿车因为车身尺寸原因能利用的空间就那么多。需要太宽敞的可以上更高级别的车型，极星2作为紧凑型的轿车家用完全没问题的，不管是坐车内还是日常储物中规中矩，没啥可挑剔的。后尾箱是掀背的设计开口很大，放大件比较方便轻松，而且我选装了后备箱带隔板在摆件的时候也比较方便一些。后排空间正常家用是够的，前排我正常的驾驶姿势到后排腿部依然有两拳距离，头部空间也是一圈左右，完全很够用了。,5,纯电动车的动力应该目前可以吊打绝大一部分燃油车了，因为之前开的都是油车所以电动车的动力其实有点过剩的，对我个人而言，又不是每天都在飙车的路上，偶尔放肆一下动力绝对管够。不同于燃油车动力的迟滞以及受传统效率的影响开起来没有那么顺畅但电车的动力输出绝对丝滑，随叫随到这个词形容纯电动车最贴切不过了。,5,相信很大一部分买极星2的车主朋友都是冲这车操控去的，说实话，这个价位能选择的新能源车型太多了，不缺品牌响亮的，但有一说一，极星2在这个级别操控性绝对是数一数二的，主要体现在方向盘的指向性以及十分跟手的转向手感，让开车的人轻松驾驭，再就是底盘调校的好，有韧性。极限驾驶时底盘给人很强的信息，快速过弯时的支撑性特备好，并且跑在烂路面这套底盘能传递给驾驶者清晰的路感，知道自己是跑在什么样的路况上，同时传递到车内的震动很好的过滤一部分保留了一定的舒适性，尤其是过减速带的时候很干脆利索没有上下回弹的不舒服，这是我最看好这台车的一面。,4,纯电动车其实很少有人特地去关注它的油耗，电费才多少钱一度电反正晚上插上去冲就是了。其实，电车和燃油在能耗损失这块有不少的相似之处，急加速行驶只会增加电耗，还有胎压、用车环境、驾驶习惯等很多因素。不过油车高速行驶一般油耗会下降电车高速行驶更费电，我自己这台车的话百公里电耗最低可以在18度电左右，折合费用的话算很低的了，因为之前都是公司免费充电用的比较多，所以我只管开怎么舒服怎么来不会说因为能耗省着开，可能以前开油车的时候还会想着油价降价了赶紧去加油啥的。,5,舒适性是OK的，以前总觉得有操控的车就不会太舒服。现在看来是自己鼠目寸光了，这人呐还得多见识，就我这台车好开还舒服，主要体现在底盘方面，调教的好整体非常的紧凑，支撑性很好。所以坐车内也不会觉得很颠，像其他的纯电动车底盘就不行开起来很松散没有那种紧致感，坐在车内也会更容易晕车。坐垫这块还可以，偏向支撑性的填充物坐上去不至于陷进去整体还不错，家用的舒适性是有的。,5,外形设计方面极星2是抓住了我的审美，本来就喜欢那种有个性的，刚好极星2的溜背式车身很时尚，还有无边框的外后视镜我觉得都很有设计感，在这个级别里还是比较有特点的，从侧面看车头延伸到车尾的下溜背式车身有点跨界的感觉，后备箱视觉重心较高有种蓄势待发的攻击力，四平八稳的车身线条在灵动的基础上又增加了一些硬派气息很和稳重的一面，对于我这个年纪来说要的就是这种成熟稳重。,5,内饰OK的，并没有大步跨越很多传统的好的设计被保留了下来，比如全液晶的仪表盘和多媒体系统。还有非常立体的中控台面设计，内置车内灯光以及镂空的电子档把带有发光LOGO，这些很化心思的设计让我觉得虽然是织布内饰但是一点也不掉价反而有那么点高级感，这主要还是材质的搭配以及设计，两者搭配的非常完美才会呈现出高级感。,4,"特斯拉model 3, 蔚来ES 6，还有其他这个价格区间的国产新能源车型我都看了一遍。不得不说，也就是极星最让人满意了。我定的是轮毂带金色卡钳和金色安全带的高性能套件版（应该是这个名字）官方指导价46万，过年前有活动价，可惜当时犹豫不决，可惜了，当时没订，差价差了不是一星半点，没赶上活动价。包上牌 之外，售后是三年基本保养，外加充电桩及安装。官方资料里写的是电池组容量为71 kWh，NEDC续航里程是450 km。查了一下，据说极星2的电池组电芯是宁德时代的方壳三元锂电池组。官方公布的续航里程是450公里，快充时间据说需要40分钟能完成0-80%的电量。"
https://k.autohome.com.cn/detail/view_01f7ntg9sn6cv3edhk6gr00000.html#pvareaid=2112108,xutao_athrun,2021-06-08,5,极星2的储物空间给了我很大的惊喜。掀背式的后备厢开口非常大，里面还有很多贴心的设计，比如可以掀起的隔板，侧边的网兜、实用的挂钩等；另外前备厢空间也很大，能放下一个超大的带娃背包。另外，车内还有很多储物格，可以确保车内整洁有序。,5,前后双电机，408匹马力和四驱加持，单看这些配置足以看出极星2强悍的动力性能了。实际驾驶后，更发现纯电车型独有的加速优势在这款车上体现得更明显，一脚下去，后备如同猝不及防被人踹了一脚，瞬间拉满的扭矩一直顶着背往前推，那一刻灵魂在原地，躯壳已在百米之外。,4,首先，转向手感轻重适中，指向精准；其次，侧倾抑制恰到好处，快速过弯还能保持较好的姿态；最后，经过颠簸路段，能够察觉到路面变化，但不会过于突兀，欧林斯避震效果还是不错的。,4,电耗水平不太稳定，总体电耗在20kWh/100km，个人感觉电耗略高。极星2自带的导航系统可以根据驾驶过程中的实际电耗，推算出到达目的地的剩余电量，这一点比较人性化。,4,作为一款紧凑级轿车，后排空间不是极星2的优势，腿部空间还算ok。不过座椅软硬度适中，触感也挺柔和细腻，坐上还是比较舒适的。另外，不得不提下极星2的哈曼卡顿音响，声音饱满细腻，音质层次清晰，边开车边听音乐简直是一种享受。,5,第一次看到极星，就被它的前脸和车身线条设计吸引了。两边的雷神之锤大灯有点开眼角的效果，显得非常凌厉。点阵式前格栅集合了360全景摄像头及毫米波雷达，配合底部导流板和三角雾灯的设计，不仅好看运动感也更强。,5,极星2的内饰方面全部采用环保材料，但没有廉价的塑料感，处处透露出豪华精致感。比如，在全景天窗上方，还精心设计一个极星LOGO投影，营造浪漫精致氛围。今年刚刚升级奶爸后，我对环保和健康也更加关注。极星2的座椅采用类似WeaveTech环保织物面料来替代牛皮，不仅更轻更耐用，而且防水防污能力强。饰板用到的木材也都经过精挑细选。车内还自带空气净化器，这项功能对有孩子和老人的家庭来讲尤其实用。,4,极星2汽车
https://k.autohome.com.cn/detail/view_01f5d5pd616cv36c1s68sg0000.html#pvareaid=2112108,远洋水手,2021-05-11,4,作为一款紧凑级纯电动车，个人认为极星2的乘坐空间和储物空间表现都是合格的。身高180cm的成年男性坐在后排，膝盖到前排座椅还有大约一拳距离。储物空间方面，除了后备厢，还多出一个前备箱，另外车内的储物格也非常丰富，载着一家人出门野餐、周边自驾等都能满足需求。,5,在动力性能方面，极星2的表现可圈可点。首发版配备前后两个永磁同步电机，最大功率300kw，最大扭矩660N·m，官方公布百公里加速时间为4.7秒，起步时能够感觉到强烈的加速推背感，一脚踩下加速踏板，感觉像是被弹出去一样。,5,方向盘反应灵敏，路感真实清晰。底盘有韧性，在经过减速带和坑洼路面时，底盘反应很直接，整体调校偏向于运动。,5,可能个人驾驶习惯的原因，电耗水平不太稳定且电耗略高，最低时17kWh/100km，最高时超过23 kWh/100km。小区和公司停车场都配有充电桩，因此没有续航焦虑。,4,潜水衣材质的织物材料座椅包裹性强，软硬适中，且相较于真皮座椅不仅更环保而且更透气，冬暖夏凉。我虽然不懂音乐，但也能感受到哈曼卡顿音响的音质确实更有层次感，下班好停车后坐在车里听一会儿音乐是一种享受。舒适上扣分的就是后排靠背角度太直，而且偏硬，长时间比较难受一些。,5,开头就讲了，对这款车最满意的地方就是北欧极简设计风格。所以，高颜值的外观是极星2最先吸引到我的地方。标志性的雷神之锤大灯让人过目不忘，无边框后视镜让人眼前一亮，贯穿式尾灯设计别具一格，启动车辆时两侧拉开的流水灯效果，仪式感满满。,4,极星2内饰整体色调偏冷，给人的第一感觉是：太素了。但坐进车内仔细观察，便会发现很多有极具质感的细节。全景天窗让内部空间显得更大气敞亮，天窗前部还有一个极星logo投影，浪漫值拉满。银色金属旋钮点缀，与深灰内饰搭配，很有极星的极简风格。镂空式换挡杆体积比较小巧精致，而且镂空位置也有一个极星logo，看起来非常有质感。,5,极星2汽车
https://k.autohome.com.cn/detail/view_01f2er0s026ctkechs60t00000.html#pvareaid=2112108,红豆粉,2021-04-04,4,储物空间还算是多的，门把手那边贴心的做了一个小的储物格，放置钱包、钥匙或是油卡都可以，而且比较隐蔽，保持了车舱内的整洁度。后排大家看图就能看得出来，是比较局促的，特别是当前排座椅靠后之后，加上后排靠背比较直的关系，长途乘坐确实会比较累，中国人习惯坐的比较放松。,5,动力是非常不错的，电门踏板只要敢踩下去，就会马上反应，不像其他的品牌，还需要反应个0.几秒才会输出，极星2的动力来的很“直给”。双电机四驱果然不能跟其他单电机两驱的品牌车型去对比。,5,操控非常棒，方向盘的轻重可以自己调节，不管是重还是轻都是指哪打哪的，很灵活。车道保持系统、盲区检测、领航辅助系统等等一些非常完美的驾驶辅助系统的加持，让开极星2会有一种从容感，而且操作也不是很难，车道保持系统大屏上点一点就开启了，盲区检测是默认就开启的，领航辅助作为一个沃尔沃老车主来说真的是很容易上手。,5,应为买车时已经是温度有所回升了，再加上南方不像北方那样，所以这几个月开下来极星2的电耗还是非常满意的，快充充1个小时大概能充到90%，前面的80%充的很快，后面就慢了。现在保持这30%左右就要充电，设定了充到80%，50%的电能跑大概200公里左右相当于上下班开开一个礼拜充一次电，还是比较满意的。,4,极星2汽车,5,外观这个东西就需要见仁见智了，个人感觉设计确实是很简洁，但是是属于那种非常耐看型的。前大灯有沃尔沃的基因，标志性的“雷神之处”100米开外就能看得出是一台沃尔沃，尾灯是贯穿式的，晚上亮起来具有极高的科技感。,5,内饰的用料非常讲究，可能第一次看到它的朋友会说这个价位的车子居然不上真皮座椅，其实他的座椅材质成本要比所谓真皮的成本要来的高，极星2用的是那种科技面料的座椅，类似于潜水服的那种，水洒在上面用纸一擦就没了，不会渗透进去。内饰也有很多的小细节体现出北欧设计，比如天目前面还有一个极星的投影LOGO这个是个人比较喜欢的，晚上会很亮。座椅记忆被放在了门把手的下方，很人性化的一个设计，方便大家伸手就能操作。,,
https://k.autohome.com.cn/detail/view_01ezsxjyfw6ctk2css64vg0000.html#pvareaid=2112108,千里不留行不行,2021-03-03,4,驾驶室的空间设计还是很大的，一看就是设计师在驾驶体验感上下了功夫。后排的乘坐空间有点遗憾，但是日常也够用。档杆后的水壶坑位有点碍事。后备箱很长深，无备胎，空间还是不错得，掀背式设计，拿取东西都很方便。,5,百公里加速4.7秒，性能很高。还没试过这个百公里加速的感受，据说推背感很强，也没机会让我体验下，比较遗憾啊。另外，刹车行程短了点，不过还好，不算是缺点。起步加速快准稳，据说有句话：极星是号称最像油车的纯电动车，现在觉得的确有道理。比我上一个油电混合动力的车强出不少。红绿灯起步就没比旁边车慢过，基本都是完胜旁边车起步。曾经一度发生过，我红绿灯提速太快，后排乘坐的人有点晕车。后来我看过一片评测，评测者也是同样反馈如此。哈哈哈哈可开车的人真的是爽得很啊。,4,直行、弯路、并线辅助、稳定性都很好，刹车也很灵敏，踩便有响应，力度也稳定。4活塞Brembo前制动卡钳，这个是极星2的一个非常不错的制动控制的优势点。具体工艺我不太懂，但极星2的制动压力与性能响应非常迅捷灵敏，这个比较让人满意。,4,关于充电续航，官方给的电池容量数据是71千瓦时，续航为450KM。具体我还没太仔细算过，不过在驾驶过程中速度或情况比较激烈时，耗电会比较快。,4,座椅还行，挺舒服，不是真皮座椅，有人可能不喜欢这点。不过听品牌大使刘欣介绍的时候，才知道这是出于环保考虑，毕竟这是新能源车，皮质采用的是近似于鲨鱼皮潜水服的那种材质，据说抗污能力特别强，而且手感很不错。安全带是金色的，这个金色特别正，非常上档次。,5,极星的车辆外形很酷，这点也得到了普遍认同，比如到现在公司楼下还能围一圈人来欣赏我新车。门把手都是金属拉丝工艺，手感一级棒。前大灯采用的矩阵式大灯，雷神之锤这个词很有趣。后尾灯是贯穿式设计，也挺酷，夜间亮起的时候非常抢眼。车尾的极星2标识跟车身颜色一样，有一种低调的又奢华的精致感。左右侧都有充电口，右侧是快充口，左侧是慢充口。,5,极星2的控制枢纽中心就是中央那个PAD上，操作特别方便还有科大讯飞的语音辅助系统，识别很强大，反应也很迅速，没有出现过卡顿或者死机现象。比较值得一提。自动巡航、行车辅助、盲点监测、360度全景影像这些功能实用性都特别强。像倒车停车、会车时简直太赞了，完全不用担心有剐蹭出现。,5,对于安全等级，性能优势，我个人认为极星2是非常有性价比的，极星2全系安全方面的配置和国外都是一样的，不会因为是国内给你不一样的安全配置，国内外不区别对待仅凭这点我就很喜欢。
https://k.autohome.com.cn/detail/view_01ezs4nvgc6ctk2csj6gsg0000.html#pvareaid=2112108,大连车友0907588,2021-03-02,5,空间足够大，很舒服，尤其是电动掀背尾门，里面还有一个小挡板，设计很人性化。非常不错。后备箱开启功能很赞，看网上有个视频“脚踢”开门，试了一下，哈哈哈哈，不错不错。车钥匙在身上，锁车状态踢两下，没锁车状态踢一下，电动尾门就自动开了。这个其实反应的是车辆智能化辩识的效率与意图，很精准。,5,驾驶操控感非常好，底盘支撑力非常足，路感很强，毕竟是四十多万的车。整体的驾驶感比较像传统燃油车，起步时轻踩油门可以感受到很平稳的起步，动力输出也比较顺滑柔和，快速提速时无论加速过渡或车辆整体响应都比较理想，没有那种突兀感。试驾的时候开启了运动模式，悬架也调整到赛道模式，大直道将全部动力爆发出来，一气呵成那推背感相当不错。,4,过减速带时，减震器表现不错，没有明显颠簸侧倾等等感觉。路感很强，毕竟是四十多万的车。但刹车脚感我不太喜欢，前段会比较硬。转向手感力度是可调的，标准模式整体是可以给好评的。百公里加速4.7秒，性能还是很高的。试驾的时候，还不太敢踩电门，怕一下子窜出去。低速下还是比较柔和的，刹车行程比较短，但控制起来并不难。,4,据说导航系统可以根据驾驶过程中的实际电耗，推算出到达目的地的剩余电量。我上车的时候，剩余电量显示70%，而最终到达目的地，消耗40%电量，剩余30%。但剩余续航则显示公里数对不上，后来才明白，其实是希望用户最终能够在高于20%的电量时充电，以保护电池的寿命。,5,不是真皮座椅，所以没有那种味道，很环保，这一点非常好，据说是近似于潜水服的材质，手感很不错，据说这种材质的防水防污性能也很好。车内整体隔音还可以，但电机还是有噪音，这个跟其他车友反馈的一样，这个如果优化以后会更让人满意。,5,polestar颜值相当高、印象里没有比这更酷的车了。当然，选车不能只看拉风与否，高颜值代表着极高的设计水准。侧面看，车身线条就像一凹凸有致的美女让观看者的眼神时刻紧跟着，完全无法挪开。前大灯、日行灯、贯穿式尾灯的设计都很精妙，科技感满满，最酷的是晚上解锁的动态效果。全液晶仪表盘开启瞬间，就像马上要驾驶未来世界的新飞行座驾一样，谁能拒绝这样的驾驶空间。对比特斯拉的内饰，呵呵，什么都没有……,5,一体天幕式全景天窗不错，而且抬头看，全景玻璃上永远悬挂着一颗明亮的星，女朋友简直爱死了这个细节，尤其是想到以后晚上在车里的效果......老司机们别想太多，我车还没提呢。等我提完.....嘿嘿嘿.....科大讯飞语音控制系统这个非常赞，在方向盘右边有一个语音控制按钮，按一下，说出要干嘛，比如我要去某地，或者找一下最近的银行，的确十分方便，再不用手机导航。,5,这款车的性价比比较高，充电桩也是免费安装配送的，车身颜色也有6款可以选择，买车当时除了车价跟保险没有任何的附加费用，车内材料大部分都是进口的环保材料，安全系数又高，让我用起来更安心，性价比没得说
https://k.autohome.com.cn/detail/view_01ew5w3dpt6ct36dhs60w00000.html#pvareaid=2112108,转正的搬砖工,2021-01-16,4,极星2汽车,5,极星官方宣传4.7S的01加速，实测4.5S，主流高性能电动车水平。并且在中高速端的加速也能始终强而有力，甚至可以说性能过剩。选车时，试驾过汉EV顶配、小鹏P7后驱、Model3后驱版。后两者的加速感和极星2有明显差距，而3.9S的汉EV确实推背感强烈。不知为什么极星2虽然数据上逊色于汉EV，但在全加速时带给驾驶者一种失重感，来的比汉EV更刺激。,5,极星2汽车,3,可能是因为楼主平时脚头比较重，外加超过两吨的车重，使得极星2的能耗表现较高。长时间能耗超过25kWh/100km。但好在楼主单位和家里都有充电桩，所以日常使用没有里程焦虑。,4,舒适性总是和操控背道而驰，在选择这辆车的时候楼主已经做好了心理建设。楼主选择的标准配置，整体来讲，底盘较硬，过坎颠簸不如楼主之前用的高尔夫嘉旅。当然，肯定有人会问我“性能套件不香吗？”一来，套件里的Öhlins减震器是赛道向的，非常硬，即使手动调到最软也比标配的硬得多；第二，标配的制动表现足够满足日常需求，性能套件中的Brembo卡钳性能过剩；而且套件中的20寸胎皮过于扁平，过个沟沟坎坎容易出鼓包。总的来说，性能套件要么你是要开着极星2下赛道，要么就是要纯粹装X，否则家用为主的用户还是选标配来的实惠。当然选标配能立减3.8W，老鼻子香了。另外，楼主用车过程中发现极星2的大灯是几何多光束大灯，而非当时销售所说的矩阵式大灯，这个可比矩阵式的高级了。（几何多光束大灯：https://chejiahao.autohome.com.cn/info/6259072）好大的一个卖点，却没有被宣传到位，有点可惜。,4,外观见仁见智，我挺喜欢的。但如果能把车做得更低一点或者做成旅行车样式就更好了,5,极星2汽车,5,2022年3月前性价比第一。46万的车26万能落地，还有谁？
https://k.autohome.com.cn/detail/view_01es7y2dsf6cskec1m64t00000.html#pvareaid=2112108,大胡子撩车,2020-12-11,4,极星2汽车,5,极星2汽车,5,极星2汽车,4,高速耗电比较大，平时在市区代步一般稳定在21度左右，续航在300公里左右。好在现在充电网络还是很发达的，快充也就2-3个小时就能完全充满。,4,选择的高性能套件，整体会偏硬一些，更有驾驶支撑感，但对舒适性有一定的影响,5,极星2汽车,4,做工非常棒，相比特斯拉好很多！关键问题在于整体设计还是比较极简和朴素的。唯一我觉得有一些欠缺的是精致感有了，但是这种类似织物的面料在长时间使用后会吸附白色的粉尘之类的，打理起来会不会又一些麻烦。,,
https://k.autohome.com.cn/detail/view_01gyjbjbg46gwk4csg6mr00000.html#pvareaid=2112108,成都车友0440550,2023-04-22,4,够用，配合上能放倒的后排，运输大件物品不在话下。,5,性能套件必备，驾驶操控感很好。必须表扬。,5,用车城市在四川成都，平时作为上下班代步用，周末心血来潮开着这个车跑到川西孟屯河谷去了，来回接近400km，本车能耗，包括高速 爬坡等，能耗居然低至18kwh/100km。十分吓人。配合上车机的续航助手，压根不慌。,5,见仁见智，这种精致小钢炮我还挺吃这套。配合上各种键盘值拉满的配件，简直了。,5,做工，材质，很考究。对内饰材质有一定要求的人都不会说出太大的短板。,5,目前无论官方渠道还是各种渠道都已经回归理性，包括维修费用没有网上被带节奏的说的那么夸张，试驾过，觉得真喜欢真的可以买。,5,CarPlay很好用，本身安装自带的软件也很不错，唯一缺点是华为的app商城已经烂尾，据闻后面可以ota换掉，比较期待。,,
https://k.autohome.com.cn/detail/view_01fyr1ywza6gs32d1n74s00000.html#pvareaid=2112108,闵凡霖,2022-03-22,4,空间够用，正常上下班使用，全家出行也轻轻松松，对大空间没有绝对的要求，跷二郎腿或伸直腿。对操控有要求的人，我不会考虑很大的空间。储物空间就是前排比较中规中矩，掀背式后备箱开口大，前备箱也能放一些东西。,5,电动车的动力对我来说有点过剩，城市道路完全用不到。选择这台车就是它的性能优势，过弯稳如老狗。408匹马力太够用了,5,操控是它的主打，底盘的调教功力深厚，快速过弯时支撑足，侧倾少，极具驾驶乐趣。在坑洼路面对于颠簸的过滤也比较彻底，路感清晰。,5,耗电我觉得还可以，只从升级优化续航后，最低开过14度百公里的电耗水平。动能回收开低，强烈测试过，感觉比低回收的电耗要高.,5,舒适性可以的，开的人很舒服，后排过坑洼路面会颠。但是车子整体表现不松散，非常的有紧凑感。座椅的包裹性也不错，而且都是环保的材质。,5,很符合我的审美！极简设计有一种阳光大男孩的感觉，横平竖直的车身线条还有点肌肉的感觉，而且外观有很多时尚的设计，像无边框的外后视镜、贯穿式的尾灯，logo和车身同色，有一点特立独行和别人不一样的感觉,5,车内都是环保的材质，没有什么有害气体，车里没有味道，很健康。以前油车还要开窗除味，买炭包，这台车完全不需要。还具有耐脏耐污防水的特性，比真皮好多了。,5,买车之初的预算就是40万以内，看车也是按这个区间去看的。很多人可能会对Polestar2的续航产生焦虑，我以一个准车主的身份告诉大家，如果只是城市驾驶，目前的续航里程足够了。如果需要长途驾驶，半小时快充从48%到90%的速度也是自己亲测。最讨厌整天拿跑外地说事的人，要是经常去外地你也别考虑纯电车辆，高铁舒舒服服睡到站不香嘛？
https://k.autohome.com.cn/detail/view_01eyyzhm536ct3jchk64r00000.html#pvareaid=2112108,wllwh,2021-02-20,4,后备箱还是很给力的掀背式，大概可以放三四个行李箱，乘坐空间的话，前排还是比较大的，后排空间满员会比较紧凑，坐四个人是最佳的状态,5,动力输出强劲，丝毫不会有任何动力不够的感觉，而且又是四驱双电机，动力响应完全没有迟钝的感觉，只要你肯踩，秒人还是随随便便的,5,极星2这款车的操控真的是非常喜欢的一个点了，不管开的如何迅猛，都能保持稳扎稳打的操控,5,平时上下班开开代代步一般一周一冲，开高速的话用电还是比较快的,5,运动风的座椅比较偏硬，不过结合了四向腰托座椅的舒适性大大提高了。还有可调节的避震大大的提高了驾驶的舒适性,5,外观设计非常好看，开出去也是很拉风的的，比较偏向硬朗风,5,内饰是那种简约的风格，看起来不杂乱，低调中透着奢华，材料用的也比较好，性价比非常高,5,和没有完美的人一样，极星2也不是一款完美的车。众多品牌和车型中，我唯独选择了它，而极星2也并没有辜负我的期望，自从购车以来，我的生活因它变得更加便捷，也因它多了很多乐趣。既能为家人遮风挡雨，也能为我带来驾驶乐趣，这就够了，也值了。
https://k.autohome.com.cn/detail/view_01fyge7sg56gs30dsr64t00000.html#pvareaid=2112108,蓝月寒雨,2022-03-19,4,极星2汽车,5,"零百加速4.5秒，中途加速棒40到80,1.7秒。不懂的自己可以去搜RS,AMG,M.的中途加速。",5,"操控质感仅次于保时捷Taycan,不用怀疑，因为对比过。",4,极星2汽车,5,调到前18 后20 舒适性挺好的，柔中带韧。,5,外挂另类别具一格，5门掀背离地间隙高，实用与美观相互融合。,5,内饰是我最喜欢的，处处都显示出典雅与实用，环保材质，高品质音响，全景天窗。,5,我认知中的性价比，就是在固定的预算内买到方方面面都适合自己的，就是有性价比。有的人眼里，品牌因素占了首要，那他三四十万买了个1.3T的奔驰，那他可能觉得很值。在我眼里，极星2的动力、操控、外观、安全配置、可靠度等，方方面面其实都已经符合了我的预期，所以于我来说就是挺值的。
https://k.autohome.com.cn/detail/view_01gws6dehj6gw3ge1g64wg0000.html#pvareaid=2112108,meikongkong,2023-03-30,3,乘坐空间我1m83 180斤，坐起来确实稍微有些局促。,5,极星2汽车,5,我在深圳用车基本上一个礼拜充一次电就够了，大概通勤每天是60km。电耗是百公里大概19~20之间。极星二这个车子电池续航显示还是比较实的，没有出现误差太大的情况，它的上面有一个电耗助手显示在充满电到用完电的这个区间，表显里程就会越来越准确。,5,我的这个车是雷霆灰。而且我觉得他这个造型有一种跨界车的姿态，方方正正的。用了20寸的轮胎显得特别敦实。,5,我选的配置是2020款首发版的大满配。唯一遗憾的就是内饰里面用的是一个wavetec的潜水服面料做座椅的布料，夏天坐起来不透气比较热，如果有打孔真皮可以再选的话，我一定选打孔真皮有座椅通风的功能，那就是我心目中的完美情车了。,5,这个车如果在打折的情况下，性价比绝对是满分，在20多万能有这样的动力，这样的操控以及这样的安全性能，性价比我给满分。,5,这个车应该是为北欧那边开发的，然后智能化上面肯定是没有国产化那么好，那么贴心，那么智能啊，但是他的智能化基本满足我的要求，因为我是买的一个车，不是买的一个电子产品，那我对于车的感受更是偏向于驾驶为主。,5,性价比这词因人而异吧，有人觉得23万就能买到特斯拉觉得性价比高，也有人145万买polestar1觉得性价比高，不同的人需求也不通。所以于我而言，在有限的预算买到最适合自己的车就是高性价比，尤其极星2这个高性能套件，外面单独去改装绝对不只这个价，还不一定能买到正品套件，所以整体来说还算值的。
https://k.autohome.com.cn/detail/view_01gp0tr4226gvkce9h6mrg0000.html#pvareaid=2112108,世故的小孩kidyy,2023-01-05,4,极星2汽车,5,极星2汽车,4,极星2汽车,5,极星2汽车,5,极星2汽车,4,极星2汽车,4,智能化这点稍微不如别的国产品牌，不过好在有 carplay 稍微弥补了点。不过手机 app 实在是功能太少了，只有开锁和开空调，有时候还有点连不上,5,极星2汽车
https://k.autohome.com.cn/detail/view_01fpyazsms6gr36dsh6rrg0000.html#pvareaid=2112108,星星之缘彩,2021-12-15,4,从乘坐空间上评价Polestar2那就是4个字：绝对够用，身高1米75的我坐在前排无论怎么调整座椅都十分充裕。后排座椅坐两个人绝对没有任何问题，如果坐三个那可能要稍微挤挤。Polestar2后备箱的储藏空间绝对能够惊讶到你，掀背的设计让整体开口非常大，无论多大的箱子都能整体放入。,5,纯电动力杠杠的，只要深踩加速踏板立刻就会给你回馈，没有延迟没有滞后，Polestar2的动力输出就是那么“直接”，这也是我这台Polestar2首发版双电机的所带来的直观感受。,5,快是所有新能源车的标签，但操控可不一定，驾驶乐趣这种东西可不是每一台车都具备。Polestar2就不一样无论在过弯的支撑性、加速的推背感、刹车时车辆整体姿态等方面都经过了深层次的调校。就连方向盘的转向在我看来Polestar2也是经过产品研究的，手感回馈非常之细腻。,4,目前综合电耗显示是16.6kwh，羡慕很多车友能开到15甚至有人可以开到15以内。虽然我平时用车也算温柔，但在高架或者高速上遇到不让道的油车时，那一脚推背感超它是免不了的，这也是我的电耗一直下不来的原因。,4,座椅是我不喜欢的一点，虽然用了类似潜水服的材质，透气防水，不过乘坐质感和真皮比还是差了一些，如果上高速长时间久坐会有不舒适，但选装nappa真皮又不划算。不过值得一提的是，极星2的底盘十分扎实，悬架表现如快刀斩乱麻一般，行驶质感颇优，然后配上哈曼卡顿音响以及静谧的车内空间，高级感还是有的。,5,虽然外观这个东西仁者见仁智者见智，但个人感觉Polestar2的设计简洁而不简单，高雅而不奢华。停在公司楼下时不时会有人驻足观看，前大灯就是雷神之锤的矩阵式大灯和沃尔沃同款。而贯穿式设计的后尾灯在夜晚点亮后格外醒目。,5,内饰从细节还是做工各方面都非常讲究，特别是用料上。Polestar2座椅的面料，类似于潜水服的材质，水洒在上面不会渗透进坐垫用纸轻轻一擦就没了。车内随处可见的极星LOGO，方向盘上有、电子档杆上有、就连天幕前也会有一个LOGO投影，加上车内许多北欧设计风格元素，内饰可以打高分。,,
https://k.autohome.com.cn/detail/view_01f75cv9s96cv3cdhr68r00000.html#pvareaid=2112108,粤沪小王子,2021-06-02,5,这款车平常最多坐我和老婆、孩子三个人，乘坐空间还算比较充足，周末带着孩子出去郊游、购物休闲都能OK。偶尔后排带上父母，大人孩子五口人都坐满的情况下，后排则会稍显拥挤，总体还是满意的。储物空间给了我挺多惊喜，前备厢、后备厢空间都挺大的，内部也设计了丰富的储物格，完全不用担心车内东西太多放不下。,5,在极星2之前，我一直开燃油车，一开始我对电动车的性能是有偏见的。直到试驾了朋友的极星2之后，彻底改变了看法。之前就知道电动车的起步快，但极星2的4秒级别的百公里加速还是惊到我了。源源不断的强劲动力，确实让我没办法挑剔。,5,开头就提到了，选择极星2一个很重要的原因就是它拥有无可挑剔的动力和操控性能。当驾驶极星2时，无论操作方向盘还是换挡杆，反应都特别灵敏。特别值得一提的是，快速过弯或变道时，车身仍能保持一个比较好的姿态。之前一直听别人说“人车合一”，极星2让我切实体验到了这种感觉。,4,可能我本身的驾驶习惯比较好，平时基本上没有什么暴力驾驶行为，因此感觉极星2的电耗比较正常。实际用下来，最大续航里程将380km左右，每天来回的通勤距离30公里左右，周末偶尔出去自驾游跑个一百多公里，基本上维持着一周充一次电的频率。表显的电量和续航里程与实际差别不大，虽然极星2的续航对我来讲够用了，但看到别人六七百公里的续航还是会有点羡慕。,5,在很多人眼中，真皮座椅往往意味着高端舒适，是时候改变这种偏见了。极星2的座椅采用的是类似于潜水衣的织物材质，不仅更透气，触感也非常细腻，支撑性和包裹性不输真皮座椅，而且更加环保。此外，静谧性方面，电动车本身没有发动机的噪音，胎噪基本可以忽略不计，只有上高速是风噪稍明显，但也在可以接受的范围，孩子经常一上车就睡着了。,4,外观评价是一件特别主观的事情，极星2的外观老婆和父母都是比较喜欢的。他们觉得这款车非常简约又设计感，前脸给人沉稳靠谱的印象。说实话，我个人对车的外观要求并没有那么高，看得过去就行，关注的是使用起来能否满足需求。单从外观设计来说，极星2属于经典耐看型，如果造型能稍微再激进前卫一些就更好了。,5,如果说极星2的外观还有可以继续优化的空间，内饰还是比较符合我的胃口的。首先深色调的氛围并没有显得冷淡、压抑，配上亮银色金属饰扣、钢琴烤漆面板以及实木饰板的装饰点缀，呈现出一种高级质感，豪华和精致展露无遗。,,
https://k.autohome.com.cn/detail/view_01f1qcb0a56ctkadhj6ww00000.html#pvareaid=2112108,Jason_派大星,2021-03-26,4,前排空间对于1米80不到的我来说绝对够用，头部还有一点空间，后排主要用来带我父母，他们觉得空间也OK，座椅支撑性和包裹性也让人满意，坐久了不会累。但如果是超过1米90的话，可能会觉得有点低，考虑到这其实算是一辆性能车，这点空间我还是可以舍弃的。当然，让人惊喜的是多出了前备箱，后备箱的储物空间也让人感到惊讶。平时健身跑步的时候，可放下运动背包之类的物件。此外，车内也有不少巧心思，比如副驾驶的手套箱外翻挂钩，可以用来挂包，非常人性化的设计。,5,当我打开车门，挂上D档，踩下加速踏板那一刻，极致的高性能便浮现在我的脑海里。只能说平时在路上，极星2在动力表现让我不惧任何挑战，（当然超跑除外）动力随叫随到，衔接很平顺。深踩踏板，后段动力依旧很猛，而且悄声无息的。说真的，开惯了这车后，我再开其他油车还真的会有点不适应。,5,方向盘手感很nice，没有什么虚位，指哪打哪，尤其有了Performance套件的加持，过弯的极限灰常高。曾经试过80码过弯，车身姿态依旧还不错（当然建议日常驾驶还是稳妥一点），四驱还能保证过弯的安全性和抓地力。还有这车的底盘表现确实不错，扎实，过减速带的时候保持路感清晰的同时又十分稳健。,4,平时出行，平均能耗在16.5kwh/100km。比如，我满电出发时电量为440km，到家还剩余370km，全程急加速了2次，中环和外环各占一半路程，感觉SOC表显电量和实际跑下来的剩余里程比较接近。不过冬季受天气影响外加开制热空调的话肯定还是会有点折扣，等到夏天开制冷空调，实际续航还有待进一步观察。,4,座椅包裹性和人体工学都不错，而且极星2的底盘十分厚实，坐着有点德系汽油车的感觉，整体的驾乘质感颇优，加上纯电没有发动机噪音，坐里面高级感还是有的。不过车速快了风噪还是有点，开了哈曼卡顿音响会好很多。,5,Pure是我对极星2的关键词，历久弥新的纯粹设计让我喜欢。和车身同色的Logo完美融合于车辆整体设计，远观便能被打动。而且像它这种独特的北欧设计风，不像有些车容易看腻，估计能和雷车一样，很多年都不会落伍，当然选择它，颜值占了很大一方面。尤其是大灯，很有辨识度。平时可以一直开启远光灯，它能自动规避前方车辆，十分黑科技。无边框的后视镜，应该算车圈的首次应用吧，效果真的赞~！,5,我想Sustainable作为第二个关键词特别贴合极星2所推崇的可持续的环保理念，实至名归！内饰的大部分材质都采用了环保材质，进到车里一点味道也没有。旋钮和拍档很有质感，用起来摸起来都超级舒适。WaveTech的潜水服的材质不仅好看，而且在夏天使用既透气，被阳光晒久了也不烫手，关键还能像真皮一样防水，之前有次上班路上不小心打翻了咖啡在副驾座椅上，让我惊奇的是这材质居然还很斥水，纸巾一擦就没了，美观又实用。,5,整体来说是一台物有所值的车，一方面是外观内饰的设计实在很喜欢，另一方面驾驶起来的感受也相当不错，再加上它本身的个性定位，当时买的时候也试驾了许多车型，最后还是坚定的选择了极星2。
https://k.autohome.com.cn/detail/view_01f0tan0kc6ctk6csq6cwg0000.html#pvareaid=2112108,MobyMaoMao,2021-03-15,5,开始一度怀疑这车空间不够用，实际日常出行完全够了，虽说后排纵向空间不是很大，但日常坐两个成人完全不挤，而且因为全景天窗的缘故，后排一点也不压抑。其次就是储物空间确实不错，手摸得到的地方都有储物空间，尤其是中控两边，不过那个水杯的设计有点奇葩，后备箱的储藏空间着实让我感到惊讶，估计是由于掀背的缘故，后备箱空间真的超级大，而且还有前备箱，整体比较满意。,5,纯电起步很“暴力”，中后段提速异常带感，只要你敢踩油门，哦不对，是电门，车子就像洗了个脸一样一下子就精神了，动力瞬间苏醒，而且如果你敢地板油，那加速时候的失重感绝对能颠覆你以往对电车的认知。,5,20寸大轮毂选装很值这个价位，底盘感受来说可以用稳如泰山来形容，转向力度有3档可调，而且过弯的时候支撑十分到位，极限也很高，效果必须杠杠的！而且可以开启S档，系统默认可以关掉ESP，开起来绝对能让你发出geigeigei的笑声。,4,日常对这块不是很关注，但暴力开肯定掉电也快。毕竟这车是双电机性能版，而且我个人比较喜欢操控，平时开得都非常非常激烈，实际正常开的话掉电还算正常。,4,座椅是我不喜欢的一点，虽然用了类似潜水服的材质，透气防水，不过乘坐质感和真皮比还是差了一些，如果上高速长时间久坐会有不舒适，但选装nappa真皮又不划算。不过值得一提的是，极星2的底盘十分扎实，悬架表现如快刀斩乱麻一般，行驶质感颇优，然后配上哈曼卡顿音响以及静谧的车内空间，高级感还是有的。,5,颜值绝对非常nice，整车设计得十分力量感有木有！而且无论是从侧面，还是前面，看着都十分有范，就像个颜好又阳光的欧巴，就类似彭于晏那种赶脚——斯文的肌肉男！然后车尾的设计，看起来十分个性，一体式LED尾灯组，在夜间效果非常赞，也超有辨识度！,5,其实细节方面都颇有质感，比如：精致的旋钮，空调出风口，尤其是镂空的档把，通电后里面还有个极星LOGO。车机体验十分流畅，这个比起国内自主的系统会有很大优势，而且这个自带的高德导航升级后挺好用，空调没有实体旋钮是个遗憾，不过可以用语音控制。,,
https://k.autohome.com.cn/detail/view_01ex3hpwpy6ct3ae9j6crg0000.html#pvareaid=2112108,浦江璀璨,2021-01-28,4,极星2汽车,5,极星2汽车,5,极星2汽车,4,极星2汽车,5,极星2汽车,5,极星2汽车,5,极星2汽车,,
https://k.autohome.com.cn/detail/view_01gxe9r25j6gw3je1n60tg0000.html#pvareaid=2112108,lucky5971,2023-04-08,4,极星2汽车,4,驾驶感受可以去试驾一下，应该短期内同价位无对手（加速能力除外）,5,续航在350-380之间，中控台续航助手预估飞常准，没有虚电，可以参考，跑了2w2公里，电池还没发现有衰减，可能会有1-2度电左右的衰减，快充慢充比例在9:1左右。,4,外观是见仁见智的选择，新出的smartzone一体性更强，如果感兴趣的可以等大陆更新,5,最夸张的是新车内饰无异味，非常离谱，配合cleanzone女朋友鼻炎再也没犯过。十分夸张。座椅材质非常舒服，夏天散热非常快，而且不限旧，我有时跨城出勤还要拉顺风车，后排座椅跟新的一样,4,目前阶段无论是汽贸还是官方，性价比对得住这个机械质感,4,基础的智能化算是传统车企里面比较靠谱的，据悉后面极星会加入魅族参与研发的系统，肯定会比目前的好用，但目前的系统也很好用，carplay能解决很多问题，且可以改成hicar，没啥大毛病，机子也不卡,,
https://k.autohome.com.cn/detail/view_01gwpwzp5p6gw3gdhn70tg0000.html#pvareaid=2112108,chikin1111,2023-03-29,4,储物空间假若放倒后排 实际上是非常恐怖的 我曾经三人行自驾川西太子岭滑雪，三块单板 滑雪装备三套 加上冬季衣物，实际上是非常多东西了，依旧装得下，属实把我都吓到了。车内做了很多有心机的小设计，能够容纳或者装载的地方非常多。这种细心做设计的也只有沃尔沃了，去实地看看现车，你就能感受到这份细心。,5,加速能力实际上是非常吓人的 配合上原配的sc6，每次急加速都会被副驾驶骂的地步。高速120后超车动力也是随叫随到。方向盘调成重 操控的质感除了低速段位优点虚，跑起来就不会再出现了，这也是吉利/沃尔沃车系的老传统，整体而言这种转向的质感是认真做了的，也是我开过那么多豪华车型里面排前几位的。,4,这个车最吓人的地方在于无论春秋，暴力还是佛系，电耗始终稳定在18～22，要知道这在一台小钢炮里面是非常吓人的。如果春天温柔驾驶，开通风的话，电耗可以做到16左右。满电续航在320～360。因为是双电机版本，这个续航能力还是可以了，充电功率最高在108kw左右，配合好的快充桩可以做到40min冲到80%左右，这是非常可观的数据。新版本的车子据说可以最高做到150kw，怎么说呢，比上不足比下有余吧。实际上速度快了电池发热量大最终也是会慢下来的。我对这个感知不强。,5,车头车尾的设计是非常抓人的，唯一有争议的地方在于c柱。这种确实属于见仁见智的，我曾经开着x7看我自己的这个车，跑起来的时候其实肌肉力量感是非常强的。,5,内饰给个好评，这种性冷淡风格能做到这样是很考验设计师的。车机我是给个carplay就能用的，所以也是感知不强，值得说的是这个表面潜水服材料非常爽，基本上不会脏，不会起褶皱。,5,无论是汽贸价格，还是官方价格，目前都在一个非常合理的区间了，我相信，百闻不如一试，真心推荐大家去试驾一下这个车子。,5,车机还行，就是正常的传统车企的车机。carplay非常好用，音响质感也不错。,,
https://k.autohome.com.cn/detail/view_01g6wzv7t36gt3ad9s6wtg0000.html#pvareaid=2112108,幻相逢不见当年,2022-07-01,4,极星2不是轿车，也不是SUV，应该算个跨界式的设计，所以底盘比轿车高，头部空间又和SUV有的一拼，而且是溜背设计，所以后备箱是掀背的，开口很大，可以放很多东西。空间这块，我感觉极星2要是拿来家用问题也不大,5,极星2的动力可以说是超越期待，起步快且果断的同时，拉拽感不是很强，后续的持续加速感受非常线性，整体给人一种比较顺畅的加速感，会有点接近油车的加速质感，但又比油车更平顺。特别是在高速上超车给人感觉就是很给力。,5,极星2的操控真不是一般电车能比的，方向盘很跟手，底盘反馈很直接，基本你路上压了几块石头都知道（可能夸张了，并不是想说悬挂硬，但是路感是真的到位），但是真的，这车操控很好，底盘质感很扎实。,4,纯电车的续航其实都是要打点折扣的，标称450的纯电续航，我日常上下班，偶尔激情一下，电耗也就16千瓦时左右，一箱电跑个390 没问题的，而且还有快充呢,5,潜水服材质的座椅，虽然有时候坐久了屁股很疼，因为这个支撑稍微差点，但是质感很好，摸上去的手感丝滑。重要的是很好打理,5,极星2整体还是很符合我的审美的，简洁大气的设计中带着硬朗和力量感，其实是很耐看的一台车，我选择的是白色，前脸是我最中意的部分，黑色格栅和白色车身及白色极星LOGO相得益彰，简约的高级感。,5,内饰的细节做得挺好的，符合一台高端车的价值感，而且各种材料搭配在一起也很和谐，不过我个人不是很喜欢钢琴烤漆的材质，会留指纹。座椅的材料尤其好，比真皮更透气、更容易打理。,,